"word","freq"
"inbox",2832
"saludos",2641
"hola",2044
"quedamos",1833
"buenas",1794
"gusto",1531
"vía",1197
"claro",1170
"datos",1061
"días",964
"servicio",931
"ayudarte",865
"buenos",827
"medio",810
"noches",806
"comentarios",692
"atentos",681
"envíanos",639
"información",583
"saludarte",580
"invitamos",558
"internet",554
"consulta",545
"escríbenos",491
"interesados",386
"verificar",381
"órdenes",375
"comentarte",365
"día",336
"puedes",333
"puedas",329
"señal",310
"escribirnos",303
"brindarte",297
"escribas",289
"cable",281
"precio",277
"línea",277
"agencia",274
"respuesta",264
"objetivo",257
"personalizado",241
"com",230
"tienda",224
"asistencia",223
"casa",220
"brindaremos",217
"deseas",213
"pagar",205
"atención",202
"mensaje",195
"servicios",191
"puedo",189
"brindando",187
"necesito",186
"mensajes",184
"feliz",184
"tiendaenlinea",184
"claroelsalvador",179
"solicitamos",174
"factura",165
"saber",165
"número",161
"mora",159
"cualquier",159
"aquí",154
"dando",153
"pago",152
"contrato",148
"mal",143
"meses",143
"pueden",142
"disposición",140
"personalizada",140
"mes",137
"ordenes",135
"puede",131
"cliente",129
"buen",128
"queremos",126
"agencias",126
"detalles",125
"teléfono",125
"problema",122
"señores",121
"así",120
"nunca",120
"ingresar",120
"quedateencasa",120
"compra",119
"sirve",118
"comentas",117
"dan",115
"personales",115
"mejor",114
"dicen",113
"linea",113
"puerta",113
"enviar",109
"mayor",109
"facturas",105
"esperando",105
"siempre",104
"mismo",104
"detalle",104
"whatsapp",103
"momento",100
"hoy",99
"clientes",97
"tiempo",95
"conocer",93
"huawei",93
"imbox",92
"plan",92
"nombre",91
"celular",90
"través",90
"disponibles",90
"residencial",89
"cobrando",89
"ayudamos",88
"tarjeta",88
"cobrar",87
"realizar",87
"darle",86
"tigo",85
"comprar",82
"pésimo",78
"siguiente",78
"alguna",78
"adquirir",78
"técnico",78
"canales",77
"cuanto",77
"brindar",77
"abierta",77
"llevo",77
"samsung",77
"paquetes",76
"promociones",76
"ayudar",73
"debido",73
"orden",73
"reporte",72
"superpack",72
"incluye",72
"inconvenientes",71
"envíes",71
"prepago",71
"deseo",71
"hacen",71
"horarios",71
"igual",69
"duda",69
"privado",68
"trabajando",67
"noche",67
"precios",67
"abiertas",65
"equipo",65
"recibo",64
"enlace",64
"podría",63
"empresa",63
"podemos",63
"tarde",63
"alcatel",63
"envío",63
"cuenta",62
"verdad",61
"ayer",61
"bien",61
"podamos",61
"celulares",61
"brindado",61
"ana",61
"inter",60
"interesa",60
"fija",59
"pasa",59
"megas",59
"resuelven",59
"dijeron",58
"eliza",58
"gestor",58
"zona",58
"necesario",58
"junio",58
"visitar",58
"problemas",57
"semana",57
"contestan",57
"ilimitado",57
"planes",57
"carlos",56
"mala",56
"solución",56
"paquete",56
"pagos",55
"recibiendo",55
"espero",54
"conectado",54
"aprovecha",54
"centro",54
"presentas",53
"inconveniente",52
"disponible",52
"veces",52
"mañana",51
"cancelar",51
"pregunta",51
"ingresando",51
"móvil",50
"pagando",50
"ayude",50
"compártenos",49
"dui",49
"gente",48
"trabajar",48
"via",48
"manera",48
"ampliaremos",48
"sucursal",48
"realizarlo",48
"pendientes",48
"renovar",48
"cobran",47
"contactarnos",47
"prime",46
"poner",46
"revisar",46
"adicional",46
"entrega",46
"instalación",45
"brindarle",45
"embargo",45
"porq",45
"pague",45
"exclusivo",45
"enviado",44
"bueno",44
"voy",44
"satelital",44
"horas",44
"numero",44
"peor",44
"años",44
"promoción",44
"costo",44
"quieren",43
"aún",43
"pagina",43
"necesaria",43
"ayudaremos",42
"teléfonos",42
"ofertas",42
"solucionan",41
"personas",41
"cordiales",41
"mejores",41
"mantenerte",41
"comentario",40
"salir",40
"daremos",40
"debes",40
"llamada",40
"hice",40
"vez",40
"algún",40
"plaza",40
"link",40
"reportas",39
"aun",39
"arreglar",39
"medios",39
"miguel",39
"consumidor",39
"solicitud",39
"posees",39
"encuentra",39
"bit",39
"dispositivos",39
"trabajo",38
"ayuda",38
"deberían",38
"permítenos",38
"cuesta",38
"contratar",38
"dice",37
"presentando",37
"ami",37
"alexander",37
"atenderte",37
"cómo",37
"horario",37
"ahí",36
"funciona",36
"dijo",36
"navegación",36
"damos",36
"contamos",36
"usuario",36
"modelos",36
"lleva",35
"casi",35
"compañía",35
"vienen",35
"ampliamos",35
"digital",35
"metrocentro",35
"hernandez",35
"domingo",34
"pedimos",34
"viernes",34
"después",34
"menos",34
"telefono",34
"recuerda",34
"catálogo",34
"mediante",33
"mantente",33
"respuestas",33
"garcia",32
"soyapango",32
"responden",32
"asta",32
"llamadas",32
"caja",32
"descuento",32
"comentamos",32
"cel",32
"den",32
"hogar",32
"dinero",32
"crear",32
"sólo",31
"consultas",31
"hora",31
"redes",31
"nadie",31
"ninguna",31
"fecha",31
"podrás",31
"vivo",30
"sigo",30
"lunes",30
"nuevo",30
"pasado",30
"martinez",30
"escrito",30
"red",30
"escribir",30
"soporte",30
"podrían",29
"posible",29
"mayo",29
"estafa",29
"sucursales",29
"escribí",29
"ilimitada",29
"sábado",29
"semanas",29
"hagan",29
"valor",29
"buena",28
"rivas",28
"cobertura",28
"tiendas",28
"resuelvan",28
"rato",28
"atencion",28
"saben",28
"llamar",28
"llamado",28
"agradecemos",28
"conexión",28
"existencias",28
"cambiar",28
"técnicos",27
"colonia",27
"mandar",27
"situación",27
"domicilio",27
"creo",27
"sonsonate",27
"abierto",26
"solucionen",26
"saldo",26
"compre",26
"quedaremos",26
"mande",26
"casos",26
"arreglen",26
"único",26
"mundo",26
"espere",26
"velocidad",26
"urge",25
"informacion",25
"vaya",25
"falla",25
"pronto",25
"demasiado",25
"call",25
"center",25
"requisitos",25
"haciendo",25
"recomiendo",25
"hago",25
"jorge",25
"diciendo",25
"atendiendo",25
"comento",25
"acerca",25
"área",25
"esperar",25
"asistirte",25
"malo",24
"mentirosos",24
"servirte",24
"opciones",24
"alguien",24
"uds",24
"supone",24
"sucedido",24
"necesitas",24
"pueda",24
"martes",24
"cerrado",24
"minutos",24
"llame",24
"junto",23
"llega",23
"llamo",23
"gratis",23
"resulta",23
"sale",23
"llama",23
"defensoria",23
"cuarentena",23
"acá",23
"tecnico",23
"respecto",23
"cierto",23
"paga",22
"empleados",22
"ningún",22
"enviarnos",22
"equipos",22
"william",22
"generar",22
"defensoría",22
"viene",22
"aparato",22
"mandan",22
"apoyarle",22
"pospago",22
"solucionar",22
"siquiera",22
"compañia",22
"emergencia",21
"disculpas",21
"solventar",21
"momentos",21
"recibir",21
"correo",21
"ernesto",21
"sociales",21
"elizabeth",21
"seguridad",21
"enviare",21
"dólares",21
"pagamos",21
"mencionas",21
"vino",21
"déjanos",21
"vengan",21
"flores",21
"impuestos",21
"wilber",21
"venta",21
"amigo",21
"cae",21
"restablecimiento",21
"alvarenga",20
"wifi",20
"tal",20
"alex",20
"nesecito",20
"resolver",20
"asesor",20
"atienden",20
"dejan",20
"luz",20
"deje",20
"aparte",20
"ayudan",20
"placer",20
"cobro",20
"nuevamente",20
"sara",20
"jose",20
"página",20
"oficial",20
"antonio",20
"ponen",20
"enviarme",20
"ingresa",20
"contraten",20
"rivera",20
"cambios",20
"mike",20
"podrías",19
"verificado",19
"dios",19
"seria",19
"mentira",19
"paso",19
"jonathan",19
"atender",19
"cerradas",19
"cobros",19
"crédito",19
"asesora",19
"recibos",19
"final",19
"instalar",19
"seguir",19
"siget",19
"baja",19
"chip",19
"interesado",19
"manuel",19
"producto",19
"seguimos",19
"contrata",19
"indicarte",19
"mentiras",19
"exclusivos",19
"excelente",18
"dudas",18
"clases",18
"quería",18
"opción",18
"cobraron",18
"llamando",18
"ínter",18
"beneficios",18
"poderte",18
"debo",18
"reportar",18
"envié",18
"luis",18
"aser",18
"parece",18
"modo",18
"hernández",18
"vigente",18
"marcar",18
"haber",18
"cuales",18
"modelo",18
"lento",18
"hábiles",18
"hacerlo",17
"pasando",17
"siguen",17
"venido",17
"digan",17
"cambio",17
"paz",17
"quiere",17
"entonces",17
"lugar",17
"pérez",17
"ayudo",17
"fechas",17
"pongan",17
"fallando",17
"reclamo",17
"gustaría",17
"dudes",17
"ayudarle",17
"según",17
"correspondiente",17
"razón",17
"messenger",17
"office",17
"óptica",17
"fibra",17
"ahorita",16
"envie",16
"todavía",16
"pesimo",16
"encontramos",16
"lopez",16
"gonzález",16
"gusta",16
"agua",16
"pagado",16
"contactes",16
"consultar",16
"dieron",16
"envía",16
"compré",16
"linia",16
"piden",16
"mandé",16
"video",16
"justo",16
"trabajamos",16
"smartphone",16
"jeanetth",16
"cambian",16
"home",16
"martínez",15
"dolares",15
"reparar",15
"cables",15
"venir",15
"compromiso",15
"marcando",15
"super",15
"juan",15
"persona",15
"sistema",15
"gestión",15
"www",15
"dejen",15
"débito",15
"tardan",15
"responder",15
"venció",15
"varios",15
"iban",15
"recargo",15
"reparación",15
"queja",15
"uso",15
"estare",15
"diego",15
"activación",15
"alos",15
"metro",15
"pasar",15
"vale",15
"pidiendo",15
"josue",15
"adquirirlo",15
"entregaremos",15
"toca",14
"calle",14
"poste",14
"compras",14
"josé",14
"ilopango",14
"esperamos",14
"mipagoclaro",14
"realizando",14
"daniel",14
"moran",14
"contacto",14
"pude",14
"sé",14
"recibido",14
"debe",14
"inestable",14
"reparado",14
"dónde",14
"básico",14
"full",14
"david",14
"preferencia",14
"javier",14
"lourdes",14
"telefónica",14
"salen",14
"mejoren",14
"victor",14
"quitan",14
"kevin",14
"app",14
"pública",14
"labores",14
"ayudando",14
"nury",14
"ala",13
"puedan",13
"quinto",13
"compañías",13
"encuentran",13
"entrar",13
"ley",13
"ayuden",13
"cuotas",13
"intentado",13
"podido",13
"demanda",13
"solicitar",13
"alas",13
"brindes",13
"seguro",13
"jajaja",13
"facebook",13
"revisamos",13
"necesidad",13
"escribirme",13
"contesta",13
"edwin",13
"comunicate",13
"renovación",13
"complace",13
"ines",13
"contestar",13
"merliot",13
"pésima",13
"luego",13
"comunicarme",13
"mauricio",13
"telefonos",13
"contratos",13
"solucion",13
"deja",13
"distintas",13
"nesesito",13
"dejar",13
"validar",13
"quejas",13
"pedido",13
"hicieron",13
"porqueria",13
"gusten",13
"romero",12
"dicho",12
"marcos",12
"pueblo",12
"pase",12
"zonas",12
"julia",12
"llaman",12
"total",12
"efectivo",12
"pandemia",12
"lluvias",12
"ortiz",12
"reportes",12
"abril",12
"alberto",12
"ramos",12
"preocupes",12
"responde",12
"solicitado",12
"llegar",12
"habian",12
"habló",12
"instancias",12
"irnos",12
"media",12
"llegan",12
"amable",12
"ayudarme",12
"bríndando",12
"alejandra",12
"proceso",12
"unicentro",12
"virtual",12
"sugerencia",12
"denunciar",12
"cutt",12
"cuánto",12
"encargada",12
"móviles",12
"pregunto",12
"soluciones",12
"mancía",12
"chalatenango",12
"experiencia",12
"orlolarabo",12
"primera",11
"jueves",11
"porfavor",11
"tardaron",11
"recargas",11
"claudia",11
"cuidado",11
"dije",11
"empresas",11
"normal",11
"cruz",11
"contesten",11
"sector",11
"caro",11
"alexa",11
"guerra",11
"falta",11
"sirven",11
"usted",11
"francisco",11
"posee",11
"carga",11
"robo",11
"asen",11
"restablecer",11
"liberados",11
"brindan",11
"quitar",11
"maría",11
"aguilar",11
"reportando",11
"rodriguez",11
"mucha",11
"perez",11
"etapa",11
"kiero",11
"grandes",11
"dejado",11
"alta",11
"xycnzb",11
"ago",11
"malisima",11
"mandaron",11
"vinieron",11
"tomaremos",11
"canal",11
"algun",11
"sanchez",11
"mbouu",11
"solicitada",11
"iba",11
"mientras",11
"melvin",11
"buscar",11
"calidad",11
"karen",11
"señor",11
"marieliza",11
"ampliar",10
"vence",10
"veo",10
"respondan",10
"basico",10
"conectar",10
"tareas",10
"porfa",10
"llegó",10
"envíeme",10
"entiendo",10
"ves",10
"digo",10
"serio",10
"ponemos",10
"departamento",10
"completo",10
"ayala",10
"mejorar",10
"nose",10
"diferentes",10
"publicidad",10
"puntual",10
"estara",10
"hey",10
"interés",10
"técnica",10
"tampoco",10
"león",10
"terminal",10
"formulario",10
"lte",10
"creen",10
"karla",10
"visitarnos",10
"puse",10
"fallas",10
"manda",10
"cosas",10
"galaxy",10
"escribo",10
"hbo",10
"compartas",10
"armando",10
"varias",10
"lucy",10
"amigos",10
"cuándo",10
"telefonía",10
"chat",10
"condiciones",10
"sim",10
"movil",10
"batres",10
"misma",10
"lucero",9
"escribi",9
"ase",9
"súper",9
"error",9
"aviso",9
"express",9
"puntos",9
"miclaro",9
"municipio",9
"responsables",9
"acuerdo",9
"fijo",9
"dejaron",9
"siguientes",9
"web",9
"apopa",9
"ejecutiva",9
"gonzalez",9
"desgracia",9
"recarga",9
"router",9
"necesitamos",9
"tenia",9
"quitaron",9
"brinda",9
"encuentre",9
"compartido",9
"cortar",9
"aparece",9
"garcía",9
"reportado",9
"xfavor",9
"barrera",9
"envíen",9
"marvin",9
"cuál",9
"pagarlo",9
"atiende",9
"invito",9
"trabaja",9
"sigue",9
"cortez",9
"hbdgjw",9
"pedí",9
"jamás",9
"ricardo",9
"malísimo",9
"despues",9
"rapido",9
"además",9
"info",9
"cosa",9
"quintanilla",9
"activar",9
"proporcionamos",9
"aclaramos",9
"susy",9
"envio",9
"ejecutivos",9
"mejia",9
"cobrado",9
"cambie",9
"compren",9
"wilmer",9
"llamen",9
"plus",9
"hable",9
"módem",9
"sacar",9
"cámara",9
"entregar",9
"queda",9
"interesada",9
"jamas",9
"mario",9
"nelson",9
"torres",9
"escriba",9
"continuamente",9
"enfoque",9
"prioridad",9
"padre",9
"balmore",9
"restableciendo",9
"alexis",8
"fattima",8
"disculpen",8
"usulutan",8
"paciencia",8
"adquiere",8
"dicom",8
"caer",8
"madrugada",8
"pedir",8
"menjivar",8
"tormenta",8
"mando",8
"cierran",8
"ise",8
"líneas",8
"control",8
"tipo",8
"comprobante",8
"etc",8
"roja",8
"banco",8
"sucediendo",8
"liliana",8
"diez",8
"rápido",8
"hijos",8
"tanta",8
"culpa",8
"deberian",8
"importa",8
"doble",8
"any",8
"disculpe",8
"pasada",8
"coreas",8
"personal",8
"herrera",8
"aleatorias",8
"referente",8
"mega",8
"repararlo",8
"mente",8
"libertad",8
"llamé",8
"puesto",8
"pensé",8
"caballero",8
"covid",8
"ampliarte",8
"resolvieron",8
"hector",8
"oferta",8
"videos",8
"cumplan",8
"diga",8
"enrique",8
"cuantos",8
"ofrecen",8
"ortega",8
"confirmar",8
"man",8
"sábados",8
"perder",8
"llevamos",8
"douglas",8
"enviaré",8
"cola",8
"mercado",8
"katherine",8
"dio",8
"aldana",8
"gabriela",8
"pasó",8
"venga",8
"echo",8
"desconectado",8
"delgado",8
"trae",8
"asistente",8
"oscar",8
"sujetas",8
"cotizadorclaro",8
"entregan",8
"familia",8
"dejo",8
"bienestar",8
"tomamos",8
"irene",8
"jolt",8
"saúl",8
"obtener",8
"fácil",8
"allí",8
"reyes",7
"tomar",7
"vicente",7
"pinches",7
"dicha",7
"colmo",7
"gerente",7
"sabe",7
"envíe",7
"pasaje",7
"pónganse",7
"retraso",7
"ven",7
"sandra",7
"harán",7
"carmen",7
"reparen",7
"pesar",7
"malísima",7
"usar",7
"sera",7
"bendiciones",7
"palacios",7
"cerca",7
"malisimo",7
"apagar",7
"facil",7
"cuatro",7
"revisaremos",7
"escalado",7
"escalar",7
"injusto",7
"primero",7
"comunicación",7
"supuestamente",7
"afectado",7
"imagino",7
"irregularidad",7
"regalando",7
"arreglan",7
"derecho",7
"libre",7
"tramite",7
"pablo",7
"necesita",7
"ola",7
"presio",7
"mandado",7
"reclamos",7
"deficiente",7
"solucionaron",7
"intereses",7
"llenar",7
"tablet",7
"orellana",7
"acosta",7
"castillo",7
"dirección",7
"olímpica",7
"existe",7
"beatriz",7
"mantengas",7
"barahona",7
"ciudad",7
"amaya",7
"zarita",7
"mendez",7
"denuncia",7
"oficinas",7
"daños",7
"campos",7
"llamaron",7
"cargos",7
"ramirez",7
"demás",7
"vecinos",7
"verificaremos",7
"estafadores",7
"constancia",7
"aumenten",7
"pasan",7
"marzo",7
"computadora",7
"cobrarán",7
"instante",7
"pasaron",7
"mantener",7
"brindarme",7
"ojala",7
"visita",7
"plataformas",7
"cabal",7
"solucionado",7
"apoyarte",7
"traen",7
"atenderemos",7
"cuanta",7
"continuamos",7
"yessi",7
"ganyan",7
"sinvergüenzas",7
"navegar",7
"pro",7
"postpago",7
"lastima",7
"pack",7
"post",7
"corrupción",7
"par",7
"comprometidos",7
"morales",7
"molina",7
"asesores",7
"gestionando",7
"irregular",7
"gigas",7
"resolución",7
"orlando",7
"permanecer",7
"amilcar",7
"nora",7
"yovendorecarga",7
"listo",6
"cara",6
"lineas",6
"cobrarían",6
"fuentes",6
"puerto",6
"zacatecoluca",6
"comprobantes",6
"unico",6
"actualmente",6
"docente",6
"volvió",6
"melanie",6
"fijas",6
"grande",6
"manden",6
"terminar",6
"envíos",6
"tecla",6
"contactarte",6
"adriana",6
"cuento",6
"ningun",6
"msj",6
"sres",6
"telefonia",6
"raul",6
"cuáles",6
"país",6
"viendo",6
"agan",6
"nueva",6
"quizá",6
"cuota",6
"lluvia",6
"abren",6
"george",6
"locos",6
"disponibilidad",6
"recargar",6
"trabajos",6
"prestan",6
"saver",6
"atraso",6
"stanley",6
"resuelto",6
"bonilla",6
"abrir",6
"atendieron",6
"pruebas",6
"talvez",6
"maria",6
"podrá",6
"firme",6
"solicitarte",6
"atiendan",6
"descargar",6
"números",6
"lugares",6
"agente",6
"antemano",6
"conoce",6
"vida",6
"únicamente",6
"guadalupe",6
"quizás",6
"respeto",6
"cerrada",6
"piensan",6
"flor",6
"llego",6
"agarra",6
"intentando",6
"actualizar",6
"indicar",6
"próximas",6
"nuevos",6
"pagué",6
"acabo",6
"eliseo",6
"bla",6
"dejé",6
"zavaleta",6
"caído",6
"agentes",6
"querer",6
"haci",6
"programación",6
"publicitarios",6
"arto",6
"casas",6
"cortan",6
"iris",6
"envían",6
"castro",6
"ojalá",6
"extra",6
"aunque",6
"podrian",6
"mensual",6
"reporté",6
"cindy",6
"dura",6
"apenas",6
"valen",6
"correcto",6
"marca",6
"verifica",6
"tercera",6
"resuelve",6
"proveedor",6
"pusieron",6
"porta",6
"pura",6
"perdiendo",6
"haga",6
"acajutla",6
"excusa",6
"escriban",6
"hablar",6
"tarda",6
"incluyen",6
"mejoran",6
"contar",6
"robert",6
"estimado",6
"alfredo",6
"enserio",6
"liberado",6
"preguntar",6
"iva",6
"costa",6
"core",6
"aplica",6
"iphone",6
"eduardo",6
"importante",6
"promocion",6
"agotado",6
"cotizar",6
"cuadrilla",6
"últimos",6
"próximamente",6
"disposicion",6
"ivan",6
"beltrán",6
"movistar",6
"miércoles",6
"solventan",6
"últimamente",6
"imposible",6
"ecxequiel",6
"youtube",6
"vencimiento",6
"conmigo",6
"documentos",6
"usan",6
"penalidad",6
"amiga",6
"delito",6
"falsedad",6
"atendere",6
"envia",6
"contratado",6
"molesto",6
"promo",6
"reparaciones",6
"instagram",6
"osea",6
"yesenia",6
"liz",6
"descarga",6
"certificacion",6
"estable",5
"erick",5
"comprarlo",5
"multa",5
"nestor",5
"cortaron",5
"karlita",5
"nota",5
"simplemente",5
"usuarios",5
"ingresocosto",5
"alumnos",5
"inician",5
"leticia",5
"arruino",5
"trato",5
"afectados",5
"joseph",5
"comunicar",5
"regalar",5
"ingresos",5
"unica",5
"http",5
"tony",5
"guevara",5
"sacrificio",5
"lupita",5
"formas",5
"darte",5
"pagaré",5
"rebeca",5
"modem",5
"edgar",5
"negocio",5
"ventas",5
"familias",5
"niños",5
"gastando",5
"ingrid",5
"tendran",5
"apertura",5
"pagarles",5
"llevan",5
"abrirán",5
"publicaciones",5
"chalchuapa",5
"marco",5
"moras",5
"alexandra",5
"puntuales",5
"jazmin",5
"vive",5
"miren",5
"queriendo",5
"raro",5
"ocurrió",5
"aplicar",5
"pineda",5
"unas",5
"clase",5
"derechos",5
"pongo",5
"asignada",5
"pacheco",5
"alfaro",5
"bastantes",5
"dentro",5
"retirar",5
"depende",5
"peña",5
"altavista",5
"hizo",5
"lidia",5
"hazel",5
"milton",5
"transporte",5
"dqahq",5
"intente",5
"encontraras",5
"portal",5
"informarte",5
"esmeralda",5
"realiza",5
"operaciones",5
"activa",5
"mantenimiento",5
"pdf",5
"vista",5
"segun",5
"agregar",5
"contrario",5
"gudiel",5
"abran",5
"demas",5
"altura",5
"ayutuxtepeque",5
"mariona",5
"vivienda",5
"pedro",5
"aparecen",5
"caros",5
"geovanny",5
"walter",5
"asco",5
"quejo",5
"rosy",5
"bryan",5
"tocar",5
"hablo",5
"cercana",5
"osvaldo",5
"vos",5
"sentido",5
"punto",5
"navega",5
"contactar",5
"lado",5
"cecibel",5
"ofrecer",5
"portillo",5
"inalámbrico",5
"vane",5
"duran",5
"año",5
"visto",5
"comunicarte",5
"anita",5
"anzora",5
"cambiarme",5
"edgardo",5
"gloria",5
"bro",5
"auno",5
"habilitado",5
"maravilla",5
"mercy",5
"isabel",5
"realmente",5
"buscando",5
"exelente",5
"cumplir",5
"residenciales",5
"arreglarlo",5
"darme",5
"dato",5
"deben",5
"valencia",5
"ehfhgggc",5
"gestiones",5
"doy",5
"ofrece",5
"android",5
"cesc",5
"solicitas",5
"garantia",5
"reportarlo",5
"contado",5
"devolución",5
"samuel",5
"wasap",5
"sandoval",5
"xfa",5
"existencia",5
"aprovechar",5
"roben",5
"ido",5
"favorito",5
"cervicio",5
"centros",5
"guzman",5
"barbaridad",5
"arévalo",5
"darles",5
"monto",5
"vendría",5
"urgente",5
"copia",5
"consulto",5
"pidan",5
"compartenos",5
"inestabilidad",5
"moises",5
"twitter",5
"xander",5
"pena",5
"emerson",5
"activo",5
"vender",5
"alguno",5
"pensando",5
"suerte",5
"verga",5
"capacidad",5
"público",5
"madrid",5
"delmi",5
"debbie",5
"prepagos",5
"quitando",5
"axel",5
"generan",5
"isa",5
"brindándote",5
"sonreír",5
"salomón",5
"james",5
"morazán",5
"carlosmartin",5
"unión",5
"normapa",5
"subido",4
"néstor",4
"compañeros",4
"reparto",4
"grasias",4
"iveth",4
"llene",4
"medidas",4
"salvadoreño",4
"santiago",4
"ayudarnos",4
"andan",4
"corresponde",4
"mantenemos",4
"cobren",4
"mayoria",4
"presentar",4
"milagro",4
"mejicanos",4
"cobró",4
"elena",4
"enviando",4
"pleno",4
"aclarar",4
"tecnica",4
"basura",4
"entregas",4
"acaso",4
"afectadas",4
"deuda",4
"resivo",4
"árbol",4
"menor",4
"deverian",4
"tepezontes",4
"arreglaron",4
"pone",4
"vallan",4
"nivel",4
"pega",4
"tomen",4
"arreglaran",4
"prefieres",4
"referencias",4
"vasquez",4
"electrónico",4
"enviarlo",4
"ceflome",4
"stephanie",4
"atrasadas",4
"peter",4
"cerrados",4
"brendita",4
"correos",4
"perfecto",4
"esq",4
"maje",4
"beneficio",4
"conectados",4
"realidad",4
"boy",4
"emos",4
"dinora",4
"pagare",4
"jesus",4
"brindarnos",4
"linda",4
"salas",4
"compartirte",4
"ineficiente",4
"totalmente",4
"caen",4
"quiciera",4
"vencido",4
"verificando",4
"saliendo",4
"atento",4
"específica",4
"lanzamiento",4
"valla",4
"aprovechados",4
"aburren",4
"pantalla",4
"esten",4
"bienen",4
"cerrar",4
"facturación",4
"corten",4
"alvarado",4
"imagen",4
"soluciona",4
"mayra",4
"claudita",4
"guerrero",4
"muñoz",4
"clave",4
"lloviendo",4
"renovarlo",4
"fiscalia",4
"formal",4
"triple",4
"presentado",4
"pasajero",4
"argueta",4
"repito",4
"cojutepeque",4
"carranza",4
"iraheta",4
"pame",4
"tiempos",4
"disque",4
"firmar",4
"inmediatamente",4
"tomado",4
"enviamos",4
"laborando",4
"estela",4
"respondieron",4
"pantallas",4
"aquellas",4
"desconectaron",4
"jessica",4
"encuentras",4
"inalambrico",4
"brinden",4
"compartimos",4
"inf",4
"marina",4
"grabación",4
"siento",4
"chavez",4
"terminación",4
"santos",4
"periplaza",4
"escríbame",4
"navegacion",4
"pedi",4
"efectivamente",4
"multiplaza",4
"debería",4
"podían",4
"apreciamos",4
"reportanoslo",4
"caerse",4
"cantidad",4
"kathy",4
"vecino",4
"atendemos",4
"brenda",4
"ganas",4
"harto",4
"servido",4
"último",4
"gomez",4
"lety",4
"mrtnz",4
"méndez",4
"palabra",4
"cumplen",4
"traer",4
"completa",4
"lastimosamente",4
"quise",4
"películas",4
"rápida",4
"quinteros",4
"realizado",4
"veses",4
"cancele",4
"lissette",4
"agradezco",4
"quédate",4
"directamente",4
"ambos",4
"patricia",4
"resuelva",4
"próxima",4
"necesidades",4
"vídeo",4
"elmer",4
"juarez",4
"difícil",4
"aki",4
"ejemplo",4
"ever",4
"puya",4
"encantaría",4
"aver",4
"increíble",4
"monica",4
"respondido",4
"postes",4
"modalidad",4
"operadora",4
"reglar",4
"pagarla",4
"mar",4
"garantía",4
"perdí",4
"escribiendo",4
"amplíanos",4
"esque",4
"enviaron",4
"esperemo",4
"prostestas",4
"christian",4
"jenniffer",4
"plazo",4
"confirmarte",4
"incompetentes",4
"defensora",4
"melendez",4
"mismas",4
"vemos",4
"solicité",4
"fabor",4
"gasto",4
"williams",4
"ayúdenme",4
"instaladowhatsapp",4
"sabes",4
"anterior",4
"gustavo",4
"bastante",4
"dennis",4
"rodríguez",4
"irresponsables",4
"cuscatlán",4
"acomo",4
"registro",4
"dispositivo",4
"lapso",4
"fatima",4
"tarjetas",4
"rosita",4
"cuantas",4
"seña",4
"vendiendo",4
"ninguno",4
"note",4
"mónica",4
"color",4
"atendido",4
"trámite",4
"mayores",4
"decía",4
"realizó",4
"bonito",4
"lleve",4
"bendito",4
"direccion",4
"logistica",4
"orar",4
"propios",4
"proteccion",4
"terminos",4
"cambiaron",4
"hablé",4
"hiciera",4
"negligencia",4
"obligación",4
"ocasión",4
"necesitar",4
"aguirre",4
"henry",4
"natsu",4
"innovando",4
"realizaremos",4
"cambiado",4
"rogando",4
"ubicación",4
"compres",4
"adolfo",4
"aburramos",4
"deficiencias",4
"dejemos",4
"envian",4
"progamadas",4
"señalar",4
"pzrs",4
"entendido",4
"mandato",4
"selvin",4
"contención",4
"atrasado",4
"ingreso",4
"kenia",4
"lite",4
"pamela",4
"máximo",4
"aparatos",4
"abarcá",4
"brindanos",4
"bryán",4
"rama",4
"urrutia",4
"joven",4
"pesima",4
"banca",4
"ayúdeme",4
"german",4
"elsa",4
"tube",4
"leonardo",4
"molestia",4
"respondimos",4
"jugar",4
"sucede",4
"jessie",4
"odir",4
"arta",4
"pondrán",4
"restablecido",4
"llamó",4
"contreras",4
"leer",4
"bajada",4
"atrasados",4
"castaneda",4
"montón",4
"descontar",4
"primario",4
"partido",4
"oficina",4
"desactivado",4
"funcionaba",4
"visitas",4
"cometen",4
"cometieron",4
"mbps",4
"denuncias",4
"ilimitadas",4
"sugerencias",4
"tomando",4
"gavidio",4
"decepción",4
"entreguen",4
"amil",4
"buscaré",4
"avalos",4
"yoly",4
"sos",4
"llegado",4
"pagó",4
"gestioanremos",4
"castañeda",4
"pepe",4
"risa",4
"estes",4
"bunbury",4
"joden",4
"demandar",4
"ale",4
"obil",4
"recibe",4
"escribeme",4
"duicentros",4
"ocurrio",4
"rnpn",4
"políticas",4
"ocurrido",4
"titular",4
"carlitos",4
"stefany",4
"ganar",4
"implementos",4
"layda",4
"alexyzruiz",4
"hgutierrez",4
"gianmen",4
"luzveljr",4
"trabajan",3
"moy",3
"ojo",3
"queria",3
"traslado",3
"calles",3
"salgan",3
"boca",3
"dieran",3
"asiendo",3
"foto",3
"atrasa",3
"facilidad",3
"igualmente",3
"arriba",3
"oriente",3
"ramon",3
"retrase",3
"resolverán",3
"descuenten",3
"quiera",3
"verás",3
"cobre",3
"solicitados",3
"díaz",3
"col",3
"abriendo",3
"mañosos",3
"farmacias",3
"selectos",3
"indicas",3
"orantes",3
"particular",3
"indicarnos",3
"compraron",3
"comprendo",3
"nefasto",3
"termine",3
"publican",3
"desgraciados",3
"alerta",3
"lamentable",3
"suspender",3
"abogado",3
"entienden",3
"cerraron",3
"hablan",3
"robando",3
"henríquez",3
"chris",3
"vargas",3
"contactarme",3
"reestablecer",3
"envió",3
"empleada",3
"propio",3
"nejapa",3
"rural",3
"suficiente",3
"termina",3
"esperanza",3
"estudian",3
"pequeño",3
"demasiada",3
"quezaltepeque",3
"biene",3
"cortado",3
"amor",3
"telefónico",3
"joder",3
"monte",3
"ángel",3
"plataforma",3
"hacemos",3
"taller",3
"sary",3
"vásquez",3
"tira",3
"puto",3
"coméntanos",3
"bancaria",3
"viejo",3
"abriran",3
"andar",3
"compensación",3
"are",3
"estrella",3
"carito",3
"contactos",3
"alfonso",3
"acceso",3
"universidad",3
"online",3
"cuántos",3
"yese",3
"crisis",3
"debit",3
"guardado",3
"arely",3
"liss",3
"antier",3
"bloquean",3
"leyes",3
"vpn",3
"rigo",3
"canton",3
"series",3
"sitios",3
"leonardito",3
"ten",3
"afectando",3
"apesar",3
"pide",3
"abi",3
"funcionando",3
"pasarme",3
"variedad",3
"noticias",3
"volver",3
"pinche",3
"danyy",3
"posadas",3
"pronta",3
"mismos",3
"sistemas",3
"sosa",3
"instalaron",3
"perdonan",3
"lorena",3
"habla",3
"ofreciendo",3
"puntualmente",3
"proporcionar",3
"entra",3
"marcia",3
"comuniquen",3
"reclamar",3
"marquez",3
"compañias",3
"tenes",3
"verifico",3
"abrieron",3
"consiste",3
"decreto",3
"ejecutivo",3
"sofía",3
"solicita",3
"telégrafo",3
"rudy",3
"compro",3
"daño",3
"suspensión",3
"comercial",3
"sur",3
"comodidad",3
"selecciona",3
"vendran",3
"conectada",3
"bairon",3
"andrade",3
"quién",3
"disen",3
"respetan",3
"encuentro",3
"cabañas",3
"anda",3
"segovia",3
"ahuachapan",3
"cambiare",3
"suben",3
"jesyaleth",3
"brevedad",3
"señorita",3
"exijo",3
"whatsaap",3
"motivos",3
"legal",3
"indican",3
"renovaciones",3
"laura",3
"cesar",3
"poniendo",3
"mancia",3
"raquel",3
"ratos",3
"enviará",3
"vilma",3
"omar",3
"corinto",3
"gasolinera",3
"llevarse",3
"ocasionar",3
"principal",3
"rita",3
"charlie",3
"izalco",3
"cayendo",3
"centroamerica",3
"descuentos",3
"numeros",3
"ínternet",3
"fallado",3
"lentitud",3
"ahhh",3
"meter",3
"mienten",3
"arevalo",3
"venían",3
"sms",3
"page",3
"barato",3
"ayudaron",3
"documento",3
"comodo",3
"alvarez",3
"martinezz",3
"ramozz",3
"suspendieron",3
"trate",3
"joel",3
"parada",3
"carolina",3
"funciono",3
"reflejado",3
"estarles",3
"exacto",3
"johanna",3
"tantos",3
"umanzor",3
"esperemos",3
"gestionar",3
"mandare",3
"alli",3
"febrero",3
"cinthya",3
"levanta",3
"pobre",3
"xenia",3
"favo",3
"ocupo",3
"pagara",3
"ponerse",3
"primeros",3
"quejarme",3
"residencia",3
"montano",3
"nomas",3
"pido",3
"aguilares",3
"quede",3
"brayan",3
"granados",3
"autorizado",3
"sarai",3
"retrasado",3
"disfrutar",3
"pagan",3
"mercedes",3
"rome",3
"saberlo",3
"cïndïrëlä",3
"tëjädä",3
"preguntando",3
"sabiendo",3
"fox",3
"jaime",3
"clarosvmenudigital",3
"levy",3
"interrumpen",3
"serrano",3
"cuentan",3
"chips",3
"incremento",3
"perdido",3
"wilfredo",3
"jajajajaja",3
"diciéndome",3
"escribe",3
"dejarnos",3
"areglar",3
"envien",3
"dolar",3
"querido",3
"melissa",3
"juela",3
"apoyo",3
"supuesto",3
"negocios",3
"avisar",3
"viniendo",3
"adonde",3
"defectuoso",3
"escoger",3
"estimada",3
"intenté",3
"especial",3
"llegue",3
"firmé",3
"darán",3
"catalogo",3
"sinverguenzas",3
"domingos",3
"consume",3
"farmacia",3
"funcionar",3
"montenegro",3
"tratan",3
"cobrarme",3
"insatisfecha",3
"reconmendaria",3
"gestionaremos",3
"osmín",3
"llegará",3
"smartphones",3
"promedio",3
"señas",3
"panameño",3
"rober",3
"aurora",3
"borja",3
"comunico",3
"descontaron",3
"características",3
"conviene",3
"isidro",3
"siga",3
"registrar",3
"haces",3
"vendedor",3
"familiares",3
"usa",3
"samsum",3
"partes",3
"extendida",3
"física",3
"galaxia",3
"comprado",3
"lemus",3
"wow",3
"colon",3
"gabriel",3
"abiertos",3
"bienvenida",3
"incluídos",3
"recoger",3
"traerlo",3
"mio",3
"dïäzz",3
"método",3
"fíjese",3
"pray",3
"sants",3
"contactado",3
"credito",3
"angel",3
"clarynely",3
"recogerlo",3
"afectaciones",3
"afectarme",3
"arruinaron",3
"autoridades",3
"confronté",3
"descubierto",3
"dárselo",3
"exigimos",3
"externos",3
"grabada",3
"inescrupulosos",3
"liderada",3
"lógico",3
"peligrosidad",3
"reportada",3
"resolvernos",3
"rosas",3
"suma",3
"tramafan",3
"venimos",3
"adicionales",3
"nome",3
"selo",3
"atraer",3
"borroso",3
"roberto",3
"productos",3
"julio",3
"necesitan",3
"tantas",3
"aumentaron",3
"sueldo",3
"asignado",3
"dirán",3
"cancelación",3
"llamarme",3
"quedan",3
"cotización",3
"jiquilisco",3
"sol",3
"competente",3
"general",3
"honestos",3
"ely",3
"terminales",3
"esperare",3
"llamamos",3
"cayó",3
"cortó",3
"débil",3
"exactamente",3
"paguemos",3
"iré",3
"luchando",3
"cambiarlo",3
"todabia",3
"tardesmi",3
"giselle",3
"benavides",3
"finalizar",3
"disculpa",3
"ofrecemos",3
"contacte",3
"penales",3
"solicitando",3
"chávez",3
"leña",3
"octener",3
"entran",3
"pilas",3
"solamente",3
"bárbaro",3
"desees",3
"peligro",3
"valga",3
"hacerme",3
"programacion",3
"robot",3
"verdadero",3
"aplicacion",3
"comenzaron",3
"roban",3
"haría",3
"daña",3
"seguido",3
"kary",3
"podré",3
"escobar",3
"fallo",3
"obtuve",3
"sacan",3
"decirles",3
"reporta",3
"correctamente",3
"crearon",3
"dejó",3
"intentar",3
"muchacho",3
"carloss",3
"delitos",3
"responsable",3
"eléctrica",3
"caidas",3
"kstll",3
"andaba",3
"variaron",3
"prefiero",3
"ilimitados",3
"milian",3
"satisfecho",3
"landaverde",3
"adecuado",3
"mínimo",3
"terminan",3
"mientan",3
"informe",3
"vergüenza",3
"bartolo",3
"brisas",3
"logran",3
"comprando",3
"funcionó",3
"cableado",3
"regalado",3
"olinda",3
"créanme",3
"huy",3
"adónde",3
"veré",3
"periodo",3
"cargo",3
"anibal",3
"smith",3
"escribirles",3
"solicite",3
"fregada",3
"mira",3
"razon",3
"edwiin",3
"seguiré",3
"padres",3
"recomendamos",3
"evelyn",3
"base",3
"tras",3
"cajas",3
"cabrones",3
"mujer",3
"amables",3
"xiaomi",3
"wilson",3
"eugenia",3
"comentándote",3
"papá",3
"publicación",3
"avanzado",3
"encontrar",3
"luisa",3
"martial",3
"versión",3
"pondrá",3
"agilizar",3
"ruben",3
"decirte",3
"jajajaja",3
"sammu",3
"externa",3
"pedantes",3
"ulises",3
"america",3
"utilizar",3
"sujeta",3
"nisiekiera",3
"saluda",3
"noggin",3
"incumplimiento",3
"colonias",3
"vas",3
"supuesta",3
"club",3
"mantén",3
"naaaa",3
"publicando",3
"sigas",3
"privacidad",3
"revisión",3
"wasaptsapp",3
"desear",3
"verificarlo",3
"azúcar",3
"denuncielos",3
"lisseth",3
"adquirido",3
"santo",3
"tomás",3
"pierdas",3
"reparando",3
"barrio",3
"lunita",3
"nestorport",3
"sigetsv",3
"sonyaguiar",3
"bajó",2
"conscientes",2
"pudimos",2
"bendiga",2
"cecilia",2
"cabrera",2
"expongan",2
"respetado",2
"económico",2
"héroes",2
"implementando",2
"marketing",2
"reciben",2
"caido",2
"texacuangos",2
"obligacion",2
"publicar",2
"triunfo",2
"cobra",2
"enero",2
"interes",2
"gerson",2
"labor",2
"bengan",2
"almenos",2
"bloqueado",2
"melo",2
"siglo",2
"revicion",2
"marisol",2
"roxana",2
"lago",2
"actualizado",2
"seles",2
"roxy",2
"chaggy",2
"croch",2
"dificil",2
"perros",2
"jodiendo",2
"joya",2
"pocas",2
"loren",2
"continúan",2
"emergencias",2
"cualquiera",2
"henriquez",2
"estaran",2
"cambien",2
"ericks",2
"consultan",2
"nooooooooooooo",2
"xiomara",2
"peores",2
"continuar",2
"debito",2
"autorizados",2
"bancos",2
"posibles",2
"rina",2
"peraza",2
"empieza",2
"lozano",2
"isaias",2
"tranquilo",2
"vacil",2
"maydeli",2
"considerados",2
"mandando",2
"comen",2
"gastar",2
"nohay",2
"acercarme",2
"detener",2
"obligados",2
"cobrarnos",2
"situacion",2
"consientes",2
"permita",2
"cmo",2
"dare",2
"debaja",2
"don",2
"mean",2
"quedo",2
"indicado",2
"realicé",2
"climática",2
"maggie",2
"figueroa",2
"escuchar",2
"alicia",2
"retiro",2
"escalante",2
"sánchez",2
"haran",2
"preocúpense",2
"gonzales",2
"descarados",2
"tele",2
"conprar",2
"revisarlo",2
"dijieron",2
"vendrian",2
"opera",2
"explique",2
"lijero",2
"tardio",2
"estipulado",2
"rosario",2
"mese",2
"noemy",2
"aller",2
"activan",2
"urgencia",2
"chelitta",2
"benitez",2
"yanelin",2
"recivo",2
"asé",2
"vayan",2
"miralvalle",2
"marjorie",2
"monge",2
"activado",2
"adquiero",2
"anticipada",2
"asesoria",2
"bloqueando",2
"bloquearme",2
"comprobado",2
"conforme",2
"constitucional",2
"constitucionales",2
"critica",2
"ende",2
"expresion",2
"futuros",2
"gane",2
"garantizado",2
"interpondre",2
"interpuse",2
"jefes",2
"mejorado",2
"menciono",2
"naranjos",2
"navego",2
"notificados",2
"protegen",2
"putos",2
"regular",2
"repitiendo",2
"toleran",2
"mirna",2
"montoya",2
"atiocoyo",2
"tacachico",2
"vean",2
"marce",2
"soya",2
"cajita",2
"ayudaria",2
"perdón",2
"televisión",2
"correcta",2
"mayoría",2
"ordenó",2
"regalan",2
"constar",2
"cuarentebs",2
"linares",2
"pos",2
"rossy",2
"neta",2
"desconecta",2
"key",2
"solicitudes",2
"metropolitana",2
"podrán",2
"salguero",2
"entiende",2
"atendieran",2
"electrónicos",2
"lujan",2
"quezada",2
"ocho",2
"oyendo",2
"activaran",2
"factible",2
"mándeme",2
"vinieran",2
"escribes",2
"cancelarla",2
"llena",2
"migo",2
"pasos",2
"automáticamente",2
"automáticas",2
"responderá",2
"lla",2
"llo",2
"fotos",2
"muestra",2
"marroquín",2
"ultima",2
"desactivar",2
"oigan",2
"pmagencia",2
"kenneth",2
"paolo",2
"bandeja",2
"glenda",2
"extravié",2
"atienda",2
"nun",2
"ablar",2
"operando",2
"jenni",2
"tiznado",2
"excusas",2
"hernandz",2
"stephaniie",2
"agradeceria",2
"asociado",2
"avería",2
"conectan",2
"firma",2
"alba",2
"ingratos",2
"trabajadores",2
"ilobasco",2
"villafuerte",2
"cambié",2
"específicamente",2
"quisieron",2
"nieto",2
"progreso",2
"valia",2
"contesto",2
"jefe",2
"perdi",2
"permite",2
"bns",2
"activen",2
"verito",2
"horarioduijunio",2
"regulatorio",2
"presentarse",2
"ofrecerte",2
"procesos",2
"carrito",2
"licenciada",2
"permanecerá",2
"dzp",2
"respectivos",2
"lehersman",2
"suzzanne",2
"dejarlo",2
"incluido",2
"futuro",2
"ronald",2
"tomarlo",2
"gaby",2
"masahuat",2
"telefonica",2
"gutierrez",2
"talveeezzz",2
"nacionales",2
"fidelidad",2
"dispuesta",2
"cambiarse",2
"nuñez",2
"zarco",2
"dejaré",2
"karii",2
"pense",2
"ester",2
"morekarmen",2
"podía",2
"verdaderos",2
"ardón",2
"dina",2
"bale",2
"francisca",2
"alexandrita",2
"completamente",2
"entregarme",2
"paqete",2
"etelvina",2
"iso",2
"look",2
"nail",2
"escribirle",2
"solicitarlo",2
"sii",2
"river",2
"vieja",2
"alva",2
"retrasó",2
"acatamos",2
"disposiciones",2
"aveces",2
"nuria",2
"salgo",2
"gar",2
"hen",2
"motivo",2
"completos",2
"arruinó",2
"extemporáneos",2
"pagándoles",2
"salvadoreños",2
"tocado",2
"difíciles",2
"quitado",2
"reintegren",2
"hablando",2
"primo",2
"tardío",2
"burla",2
"vicki",2
"jonatan",2
"pagarán",2
"marque",2
"irving",2
"sigan",2
"reina",2
"daba",2
"elevados",2
"injustos",2
"anticipación",2
"recibirlo",2
"proporciones",2
"olocuilta",2
"jacky",2
"abarca",2
"armida",2
"paguen",2
"afectación",2
"enlaces",2
"oriental",2
"moreno",2
"tifa",2
"busque",2
"señora",2
"erika",2
"arruinado",2
"maradiaga",2
"brindo",2
"lyon",2
"circulación",2
"servía",2
"llevar",2
"test",2
"poquitos",2
"bukele",2
"detallada",2
"sibrian",2
"abelina",2
"estafan",2
"compraste",2
"funcione",2
"yaaa",2
"cometario",2
"zambrano",2
"órdene",2
"traba",2
"música",2
"colores",2
"extemporáneo",2
"loa",2
"probé",2
"resibos",2
"contaminar",2
"planeta",2
"reactive",2
"volverá",2
"gana",2
"agradeceré",2
"presenta",2
"comunidad",2
"pudieran",2
"volvieron",2
"crees",2
"conciencia",2
"crizthian",2
"casualidad",2
"inteligentes",2
"mama",2
"perdida",2
"desgracias",2
"informo",2
"noo",2
"abusivos",2
"pagandoles",2
"concepción",2
"ayudenme",2
"tecnicos",2
"cartagena",2
"pajeros",2
"mamá",2
"resta",2
"qerer",2
"dejes",2
"presupuesto",2
"archivo",2
"tocará",2
"instalado",2
"responderán",2
"asaber",2
"indícanos",2
"decían",2
"mamen",2
"pasaré",2
"contáctanos",2
"spir",2
"des",2
"facturado",2
"elenita",2
"adalberto",2
"poreso",2
"dijeran",2
"puso",2
"kimberly",2
"toman",2
"bladimir",2
"acada",2
"traban",2
"emilia",2
"abisac",2
"joe",2
"leo",2
"serios",2
"cancelo",2
"cantón",2
"firmado",2
"menú",2
"abre",2
"vanessa",2
"quedado",2
"gnzlz",2
"lorenitha",2
"tel",2
"serian",2
"vengo",2
"gracia",2
"clara",2
"pretty",2
"tratando",2
"llegando",2
"seguramente",2
"clic",2
"abusos",2
"cometiendo",2
"funcionario",2
"malas",2
"telefónicas",2
"babosada",2
"necesitaba",2
"duplican",2
"mmm",2
"min",2
"entregado",2
"cerritos",2
"vladimir",2
"maya",2
"montes",2
"cámaras",2
"megapíxeles",2
"prácticamente",2
"lovos",2
"fabrica",2
"fotografía",2
"mun",2
"postpagos",2
"preguntas",2
"jenny",2
"meléndez",2
"alejandro",2
"locales",2
"recientes",2
"compartiendo",2
"elie",2
"raimugi",2
"jerson",2
"agradecería",2
"explicar",2
"salió",2
"oportunidad",2
"malos",2
"selular",2
"gerrard",2
"mire",2
"limitadas",2
"max",2
"todavia",2
"sansumg",2
"azul",2
"sansung",2
"huawey",2
"enviemos",2
"afp",2
"mëlvïnčïthöww",2
"sirva",2
"ultimo",2
"guiera",2
"cancelado",2
"salarial",2
"conozcas",2
"veronica",2
"éste",2
"receptivos",2
"gustaria",2
"exclusivas",2
"varían",2
"umaña",2
"termino",2
"heey",2
"wuason",2
"redmi",2
"aldo",2
"rey",2
"estimar",2
"tavo",2
"pointright",2
"idea",2
"kieren",2
"venden",2
"tí",2
"empezar",2
"hija",2
"especificaciones",2
"beba",2
"realizas",2
"confirme",2
"entrada",2
"prine",2
"robaron",2
"sacarlo",2
"aplus",2
"quero",2
"díabuen",2
"huewei",2
"metodos",2
"adquieren",2
"pudiera",2
"aumento",2
"cabaña",2
"caguen",2
"bruno",2
"nollega",2
"osorio",2
"responsible",2
"enviándonos",2
"going",2
"help",2
"that",2
"atuda",2
"copian",2
"mándanos",2
"pegan",2
"ejecutar",2
"verifcar",2
"recordadando",2
"vencía",2
"lik",2
"ëlizardö",2
"asignen",2
"tula",2
"aquino",2
"santy",2
"huezo",2
"gestion",2
"vuelvan",2
"contactaron",2
"jjaja",2
"llévo",2
"quijada",2
"catálogos",2
"estiendo",2
"letra",2
"mensualida",2
"repinden",2
"mate",2
"benjamin",2
"covi",2
"reclama",2
"reclamará",2
"directo",2
"llegara",2
"órgano",2
"imediatamente",2
"iphones",2
"quedé",2
"hquez",2
"ilegal",2
"pilar",2
"nohemy",2
"bierta",2
"referencia",2
"tramitando",2
"nefli",2
"leica",2
"podras",2
"chepe",2
"exijen",2
"pagarlas",2
"podre",2
"gerra",2
"osa",2
"cobraran",2
"dactura",2
"financiamientos",2
"retrasé",2
"disq",2
"estafado",2
"naaaada",2
"cuaquier",2
"apn",2
"configuración",2
"urgue",2
"じん",2
"マルコ",2
"仁",2
"aaahhh",2
"arreglarme",2
"comigo",2
"déjense",2
"entren",2
"entera",2
"unido",2
"esquivel",2
"leonel",2
"plis",2
"apaneca",2
"tigre",2
"atendio",2
"dire",2
"quiso",2
"baucher",2
"devitar",2
"ineficientes",2
"transacción",2
"azucenit",2
"ally",2
"someta",2
"favorita",2
"acercarse",2
"cambiaran",2
"buenass",2
"comunicarnos",2
"negociar",2
"cip",2
"regulen",2
"interrsada",2
"escribiéndole",2
"whatsap",2
"carguen",2
"jplus",2
"activó",2
"efectuada",2
"realice",2
"éxito",2
"joaquin",2
"ocasionada",2
"sincera",2
"disgustos",2
"eviten",2
"cancela",2
"preprogramado",2
"salu",2
"texto",2
"agricola",2
"cortesía",2
"you",2
"dígito",2
"contestado",2
"fracaso",2
"registra",2
"consigo",2
"reiniciar",2
"suelo",2
"navegamos",2
"financiados",2
"cristabel",2
"palasios",2
"ecer",2
"nisalen",2
"tamosmal",2
"yamadas",2
"desastre",2
"elisabet",2
"cuidad",2
"futura",2
"jodidos",2
"put",2
"tamos",2
"conustedes",2
"fbor",2
"xavi",2
"delmy",2
"liseth",2
"caigan",2
"tramposos",2
"nación",2
"salvadoreña",2
"señoras",2
"traerán",2
"aleatoria",2
"aprovecharás",2
"decepciona",2
"diciendoles",2
"diciendome",2
"diera",2
"monton",2
"perderan",2
"katty",2
"hermana",2
"paquets",2
"yigas",2
"antojo",2
"internacional",2
"interrupciones",2
"molesta",2
"practicamente",2
"aguanto",2
"baratos",2
"inmediatas",2
"responderle",2
"brindará",2
"comunique",2
"hernandezz",2
"subida",2
"faltan",2
"haré",2
"qur",2
"cancelarlo",2
"ponga",2
"cholera",2
"confirmado",2
"notificación",2
"hize",2
"thatyana",2
"revise",2
"zamaly",2
"personalizar",2
"cobraban",2
"salio",2
"rgyhu",2
"brindó",2
"amanda",2
"channel",2
"cracks",2
"crearan",2
"diamantes",2
"premios",2
"seguidores",2
"suscribirse",2
"ucjamguzdcgxvo",2
"zxtffmq",2
"traído",2
"facilidades",2
"tngo",2
"daban",2
"linarez",2
"tita",2
"ofrecieron",2
"yaneth",2
"vergon",2
"canceló",2
"brigith",2
"kriscia",2
"vendrá",2
"daniela",2
"llevó",2
"ire",2
"solvente",2
"henríque",2
"jhon",2
"juanito",2
"molestos",2
"evitar",2
"resultado",2
"migración",2
"falsifican",2
"responsabiliza",2
"brindada",2
"comenzar",2
"comenzó",2
"compartir",2
"corroborar",2
"diferente",2
"enviarían",2
"fué",2
"fuí",2
"instancia",2
"logramos",2
"pagada",2
"perdidas",2
"permití",2
"quedó",2
"resido",2
"tocó",2
"verónica",2
"óptimas",2
"última",2
"manos",2
"andy",2
"hno",2
"basta",2
"atropellando",2
"perdono",2
"cristian",2
"cierren",2
"salazar",2
"denunciando",2
"gamez",2
"energía",2
"cómodo",2
"revisen",2
"grabadora",2
"pelear",2
"bajado",2
"bajaron",2
"solucionó",2
"bots",2
"num",2
"publicaré",2
"hugo",2
"deacuerdo",2
"chriss",2
"helen",2
"tomada",2
"banda",2
"demasiados",2
"porquería",2
"subir",2
"tomaron",2
"ultimamente",2
"cargan",2
"quedaron",2
"loco",2
"boyka",2
"devuelvan",2
"neftali",2
"cell",2
"publico",2
"reportamos",2
"talves",2
"escucha",2
"existentes",2
"guatemala",2
"pares",2
"envíado",2
"solventarlo",2
"marcela",2
"corina",2
"cesaritho",2
"necesites",2
"recordarte",2
"santamaria",2
"evaluados",2
"antony",2
"lástima",2
"genial",2
"definitivamente",2
"comentado",2
"sulmi",2
"dignan",2
"hará",2
"viral",2
"hacerle",2
"victoria",2
"mejía",2
"jenffer",2
"denumcia",2
"volveré",2
"contactaremos",2
"falsos",2
"llámenme",2
"informaremos",2
"hijo",2
"simple",2
"moisés",2
"compensen",2
"karely",2
"orrible",2
"millonaria",2
"mantiene",2
"jente",2
"saturada",2
"solucionando",2
"dale",2
"voz",2
"interesan",2
"atrás",2
"cero",2
"grosera",2
"habia",2
"honestamente",2
"horrible",2
"pedante",2
"prepotente",2
"ericka",2
"codigo",2
"ratas",2
"servidores",2
"jacqueline",2
"smart",2
"rudii",2
"sujetos",2
"ortland",2
"maritza",2
"corrupto",2
"pornografia",2
"servico",2
"horariosagenciasclarosv",2
"clay",2
"habilita",2
"promocional",2
"poseemos",2
"ram",2
"físico",2
"szssejuñwyfddrrsssesesqwtwwohuuul",2
"fake",2
"news",2
"válida",2
"predio",2
"brinde",2
"potencia",2
"serca",2
"torre",2
"momix",2
"conductor",2
"maggy",2
"ghomhez",2
"mrtonhyy",2
"recidencial",2
"fallan",2
"rosa",2
"descontento",2
"vías",2
"berenice",2
"proporciónanos",2
"regalo",2
"cumple",2
"pondré",2
"tocaba",2
"mojica",2
"negativo",2
"esperen",2
"veremos",2
"alludar",2
"aviles",2
"rematar",2
"aque",2
"incluso",2
"letty",2
"despachado",2
"generaciones",2
"crecer",2
"pésimos",2
"mejorando",2
"ezequiel",2
"procesando",2
"brindas",2
"tanny",2
"oficiales",2
"agricula",2
"use",2
"usen",2
"diferido",2
"consumo",2
"valiosa",2
"solventarme",2
"marianita",2
"genesis",2
"agricolabanco",2
"akipuntos",2
"alvayero",2
"centralbanco",2
"cuscatlansistemas",2
"daviviendascotiabankbanco",2
"economicasbanco",2
"expresssuper",2
"fedecaces",2
"fedecredito",2
"comentarle",2
"verlo",2
"escribrnos",2
"karliss",2
"fiscalía",2
"canse",2
"amazon",2
"ron",2
"nisiquiera",2
"ocurra",2
"digamos",2
"restablecidos",2
"ponerme",2
"realizo",2
"ocupa",2
"verifiquen",2
"afuera",2
"quejando",2
"callado",2
"quedar",2
"decirme",2
"evidencias",2
"presente",2
"plana",2
"bajo",2
"chicas",2
"denuncien",2
"quejarse",2
"creer",2
"mera",2
"aguila",2
"trinity",2
"engañosa",2
"descargando",2
"aceptaron",2
"actos",2
"administrativas",2
"atraves",2
"cerfificacion",2
"certificación",2
"contamod",2
"ejecutan",2
"entidad",2
"fisico",2
"identidad",2
"juridicos",2
"naturales",2
"nobajeslaguardia",2
"preventivas",2
"quebrado",2
"referidad",2
"tenerlo",2
"tramitar",2
"validad",2
"validez",2
"presento",2
"sube",2
"saturacion",2
"tusa",2
"nuevas",2
"jimenez",2
"incrementar",2
"enojo",2
"chaver",2
"pregunte",2
"riegan",2
"dejarte",2
"informar",2
"opc",2
"cabe",2
"generarle",2
"toc",2
"prueba",2
"videollamada",2
"colón",2
"descansar",2
"prepotentes",2
"segunda",2
"atenderá",2
"salva",2
"tania",2
"financiamiento",2
"haremos",2
"harté",2
"broma",2
"generado",2
"busca",2
"callcenter",2
"preguntado",2
"suspencion",2
"cristina",2
"bran",2
"canselar",2
"imágenes",2
"gestionen",2
"migrar",2
"naun",2
"pat",2
"augusto",2
"descontarán",2
"hendrickson",2
"nancy",2
"ayudado",2
"elías",2
"timaron",2
"intermitente",2
"yano",2
"nadame",2
"irresponsable",2
"dany",2
"contratada",2
"jardines",2
"busco",2
"mierderos",2
"agradeceremos",2
"resolviendo",2
"lara",2
"escusas",2
"memoria",2
"mimi",2
"términos",2
"alan",2
"importancia",2
"antoniocam",2
"wjmg",2
"informamos",2
"mantendrán",2
"zenithalpha",2
"contrátalo",2
"favoritas",2
"premium",2
"válido",2
"apastepeque",2
"desvío",2
"ilbhdn",2
"puente",2
"diría",2
"mantienen",2
"carretera",2
"industrial",2
"debidamente",2
"narakusam",2
"rica",2
"nano",2
"betocalo",2
"cuscatancingo",2
"adelante",2
"ruta",2
"usulután",2
"bioseguridad",2
"elizabe",2
"lolotique",2
"reactivación",2
"abigail",2
"vilmade",2
"aproximado",2
"utilizo",2
"eduartor",2
"etsxffag",2
"ios",2
"regístrate",2
"yvzuhdgq",2
"conección",2
"nomasrobo",2
"marwillp",2
"tigoelsalvador",2
"mayteeacosta",2
"estudiar",2
"balmoremenjivar",2
"corporativos",2
"andresvlop",2
"sabemos",2
"hermano",2
"martín",2
"alexandercr",2
"mlndz",2
"cubiasmario",2
"yosoymarito",2
"virus",2
"bancstrx",2
"rmsrxc",2
"giezisalas",2
"arturo",2
"anfearchi",2
"ladrones",2
"reviso",1
"tarjete",1
"uleros",1
"inhumanos",1
"parado",1
"kattia",1
"reestablecieron",1
"sad",1
"direcccion",1
"verda",1
"rresponden",1
"ooh",1
"agradeceriamos",1
"sta",1
"ali",1
"esfuerzo",1
"ignorar",1
"valora",1
"consultarles",1
"absoluto",1
"asalariados",1
"austeridad",1
"candil",1
"esfuerza",1
"incentivo",1
"inminentes",1
"oscuridad",1
"social",1
"tristeza",1
"arreglarán",1
"municipo",1
"fernando",1
"politica",1
"cuide",1
"favores",1
"maldita",1
"quere",1
"iliana",1
"jusgados",1
"felicito",1
"palmeras",1
"donaron",1
"insumos",1
"máscarillas",1
"conbran",1
"cachimbones",1
"raiz",1
"verapaz",1
"tirados",1
"liberen",1
"canten",1
"contando",1
"pajaritos",1
"próximo",1
"soleado",1
"urbanización",1
"considerar",1
"lastimoso",1
"xxi",1
"cobrarian",1
"concretoqueria",1
"recepción",1
"cov",1
"elegidas",1
"estupenda",1
"pausada",1
"perdonará",1
"reventaron",1
"aperturar",1
"volverán",1
"darnor",1
"endejos",1
"meces",1
"debieron",1
"modems",1
"usb",1
"hablandome",1
"vallana",1
"mirian",1
"remoto",1
"areglan",1
"usarlo",1
"palabras",1
"solucionaban",1
"montreal",1
"precavidos",1
"ratitos",1
"considerandolo",1
"armada",1
"autoridad",1
"carlo",1
"desarmar",1
"doce",1
"identificado",1
"policías",1
"registran",1
"uniformados",1
"vigulante",1
"suspenden",1
"debía",1
"quice",1
"salueron",1
"utilice",1
"eliizzabetth",1
"paralizaron",1
"falte",1
"piensenlo",1
"rebusque",1
"lau",1
"mndz",1
"ban",1
"deqedias",1
"estafallando",1
"porqe",1
"talcomunca",1
"mery",1
"tobar",1
"acerqué",1
"ayudennos",1
"tapalhuaca",1
"cancelaron",1
"pudieramos",1
"comprensibles",1
"recargos",1
"sorpresas",1
"acumulando",1
"amenazados",1
"dichas",1
"dichos",1
"líneala",1
"realizados",1
"reflejando",1
"becina",1
"kiere",1
"ramírez",1
"timos",1
"emiten",1
"contactarse",1
"aburridos",1
"buenisimos",1
"chiche",1
"enserrados",1
"odette",1
"zaldaña",1
"mandara",1
"sat",1
"what",1
"holà",1
"daré",1
"ingresarle",1
"poniesndose",1
"pamdemia",1
"falló",1
"abimael",1
"alumbrado",1
"electrica",1
"arenita",1
"cenaste",1
"chistocito",1
"payaso",1
"pex",1
"edmundo",1
"ypeor",1
"póngale",1
"aplicaron",1
"dedica",1
"informal",1
"atravez",1
"educación",1
"enlo",1
"guiabays",1
"haser",1
"hasi",1
"joss",1
"mevan",1
"nesecidad",1
"niñas",1
"obliga",1
"terminamos",1
"yono",1
"acanselar",1
"perdonaron",1
"pordos",1
"carreras",1
"causa",1
"detenido",1
"recoje",1
"sufriendo",1
"tendido",1
"terminen",1
"verlos",1
"yno",1
"viviendo",1
"cobranron",1
"transportarme",1
"vehiculo",1
"salieron",1
"saludar",1
"nunk",1
"yego",1
"aotro",1
"ble",1
"asesorarte",1
"ignorado",1
"preguntala",1
"quemo",1
"rrapida",1
"rrayo",1
"vayadares",1
"andejado",1
"mepudieran",1
"resinos",1
"valladares",1
"dé",1
"irichi",1
"valenguer",1
"necesite",1
"actual",1
"arriesga",1
"madre",1
"mary",1
"caballito",1
"cima",1
"decepcionado",1
"everest",1
"consiencia",1
"homa",1
"habilitad",1
"salgas",1
"trabajen",1
"yancy",1
"halguien",1
"sitio",1
"lobo",1
"negro",1
"salvadorpara",1
"cristhian",1
"aparecer",1
"estemes",1
"kelly",1
"saenz",1
"poseo",1
"cierra",1
"viruz",1
"importaba",1
"instalaran",1
"llenaran",1
"eldahy",1
"soto",1
"comprensión",1
"varada",1
"preocupen",1
"senal",1
"recivido",1
"acordemonos",1
"nubosidad",1
"satélite",1
"ntena",1
"permanecerán",1
"ésta",1
"opinan",1
"servidos",1
"supongo",1
"verá",1
"canceley",1
"inmedito",1
"restablecen",1
"expiró",1
"reactivan",1
"abiero",1
"estudiante",1
"alamasmierda",1
"surten",1
"debemos",1
"vencerse",1
"thelma",1
"valiente",1
"serotes",1
"xblemas",1
"yamar",1
"gonsalez",1
"spress",1
"perdió",1
"regencia",1
"parciales",1
"porgusto",1
"sive",1
"distribuidores",1
"propias",1
"evitarse",1
"ayudara",1
"alessandro",1
"validaremos",1
"acaban",1
"asamblea",1
"optamos",1
"haríamos",1
"anular",1
"areglara",1
"lizette",1
"cuñada",1
"lecobran",1
"mepaso",1
"renbolso",1
"selos",1
"siera",1
"enciende",1
"soll",1
"atrase",1
"fallamdo",1
"giovanni",1
"pajina",1
"pwro",1
"esperade",1
"aceptar",1
"aoagar",1
"conciente",1
"inresponsabilidad",1
"quiten",1
"seen",1
"irán",1
"enmanuel",1
"florentino",1
"maricelitha",1
"estandisiendo",1
"avisan",1
"principales",1
"rábida",1
"apoyaremos",1
"sulucionara",1
"tendo",1
"dizk",1
"supervisar",1
"tengongo",1
"circunstancias",1
"estudiando",1
"decable",1
"decuanto",1
"elunes",1
"eslacuota",1
"ogar",1
"humberto",1
"valido",1
"candelario",1
"repuesta",1
"gerardo",1
"activaron",1
"reactivaron",1
"problemita",1
"alegra",1
"satisfechos",1
"interese",1
"kieres",1
"afectandonos",1
"informes",1
"afectaba",1
"comentari",1
"pedían",1
"pisto",1
"burnos",1
"conversar",1
"giss",1
"hernhandhezz",1
"lhoophezz",1
"may",1
"berdad",1
"pixi",1
"argon",1
"nececito",1
"jjjajaja",1
"niii",1
"pobres",1
"sirbe",1
"consumiendo",1
"detecta",1
"jaja",1
"observado",1
"ariel",1
"benavidesfátima",1
"cardonaana",1
"díazhectorrodriguezanthony",1
"escobaremerson",1
"frailearlincitha",1
"funes",1
"garaysusana",1
"guzmanoscar",1
"rodezno",1
"rosalesivania",1
"ayúdennos",1
"malísimos",1
"homeoffice",1
"resulevanle",1
"escrkbi",1
"ayudenle",1
"compañero",1
"sirmpre",1
"mediodía",1
"solventado",1
"molesten",1
"rrevisa",1
"gio",1
"mart",1
"falsas",1
"prometida",1
"favorquería",1
"diferencia",1
"arruinada",1
"entraron",1
"esforzado",1
"hase",1
"pasajes",1
"rcargas",1
"recivir",1
"desactivan",1
"firmó",1
"instalan",1
"publucidad",1
"ejec",1
"incomunicados",1
"vivimos",1
"aserora",1
"vandalismo",1
"indica",1
"alma",1
"mendoza",1
"aaaaa",1
"informando",1
"cubias",1
"cubiaspara",1
"reinaldo",1
"mandaré",1
"imprimirla",1
"respetar",1
"rapidaaaa",1
"ganan",1
"administrando",1
"araganes",1
"automatizadas",1
"continuación",1
"fijense",1
"vlhadhimir",1
"apagado",1
"desconeptaron",1
"adrián",1
"buenaventura",1
"desconectartelo",1
"esperarse",1
"preparado",1
"quejarte",1
"tomé",1
"menéndez",1
"reabrir",1
"logro",1
"metrosonsonate",1
"explicarme",1
"ridiculo",1
"desconecto",1
"diganme",1
"frustrado",1
"casillas",1
"pmmetrópolis",1
"revises",1
"meden",1
"venirme",1
"entregarian",1
"habiles",1
"traes",1
"antena",1
"colas",1
"dificulta",1
"money",1
"ayidar",1
"trasladar",1
"fabiola",1
"cabliado",1
"conteste",1
"lucia",1
"talonario",1
"girasol",1
"ocupe",1
"cuadrillas",1
"inventan",1
"ajencia",1
"lizz",1
"actiravor",1
"graciiiiias",1
"teresa",1
"manzur",1
"qeria",1
"siete",1
"subió",1
"anunciado",1
"empáticos",1
"fatal",1
"fuertes",1
"cerezo",1
"cherry",1
"aperturas",1
"resivos",1
"ajensia",1
"chin",1
"estraña",1
"peso",1
"aperturen",1
"contradictorio",1
"reapondieran",1
"kell",1
"problemaa",1
"aprovechan",1
"descontando",1
"escalaron",1
"operador",1
"rapida",1
"solventen",1
"activarlos",1
"renda",1
"puntualme",1
"notificaron",1
"vencida",1
"posts",1
"acude",1
"autorización",1
"comparten",1
"inaptitud",1
"reales",1
"generales",1
"milady",1
"operación",1
"titularidad",1
"visualiza",1
"yanet",1
"cumplimiento",1
"proporcionan",1
"daron",1
"resibo",1
"dificultad",1
"ingresada",1
"maneras",1
"sienpre",1
"tardado",1
"uchiha",1
"graciaaaaas",1
"cortando",1
"eunice",1
"brindarán",1
"acercarte",1
"cerra",1
"confirmamos",1
"shofy",1
"darío",1
"rubén",1
"presión",1
"ciertomuy",1
"fgr",1
"exprea",1
"mailisima",1
"swñores",1
"traia",1
"consulte",1
"consultando",1
"tardesnecesito",1
"betty",1
"ajencias",1
"devuelven",1
"brindad",1
"nathaly",1
"contactamos",1
"llueva",1
"reponer",1
"automatico",1
"minimos",1
"jacobo",1
"alto",1
"beneficie",1
"brindaran",1
"enverdad",1
"renueve",1
"tortuga",1
"lluviosa",1
"multas",1
"transfirieron",1
"erda",1
"oskr",1
"exagerada",1
"pagosb",1
"meta",1
"asido",1
"mald",1
"contratarlo",1
"tablets",1
"bríndarte",1
"economico",1
"aligerar",1
"enoja",1
"pagr",1
"contrataciones",1
"nadia",1
"wender",1
"mejoras",1
"detallamos",1
"dilan",1
"aaah",1
"aahh",1
"asomaron",1
"comenzará",1
"guía",1
"llevaba",1
"mandaban",1
"contraté",1
"instalen",1
"garay",1
"asus",1
"ben",1
"madres",1
"pagaramos",1
"quiro",1
"salvaqdor",1
"sangronesel",1
"clable",1
"dayanara",1
"raymundo",1
"intalacion",1
"isi",1
"porla",1
"qisiera",1
"ncc",1
"yvtu",1
"cajitas",1
"enmicasa",1
"intalar",1
"saturadas",1
"wassap",1
"milena",1
"contrataste",1
"obliguen",1
"copa",1
"italiana",1
"brujada",1
"lomismo",1
"mjorcopro",1
"repiten",1
"verlas",1
"arrepentir",1
"daran",1
"est",1
"ayudará",1
"comalapa",1
"olvidó",1
"ponerlo",1
"ampliarnos",1
"digeron",1
"martiza",1
"anq",1
"cituacion",1
"complicado",1
"arian",1
"suponia",1
"quijano",1
"vik",1
"suspenderemos",1
"comerciales",1
"escuchando",1
"nunka",1
"ahh",1
"guiller",1
"boton",1
"peliculas",1
"qitaron",1
"usureros",1
"ponganse",1
"hayga",1
"reportalo",1
"sap",1
"was",1
"argumentaadohola",1
"argumento",1
"anteriores",1
"suspendido",1
"inconsiderados",1
"eyos",1
"junten",1
"apoyar",1
"respondi",1
"actualicen",1
"diluyan",1
"dueños",1
"vivianes",1
"anteriormente",1
"dubon",1
"íntegro",1
"decepcionada",1
"ignoraron",1
"valos",1
"tenorio",1
"mus",1
"pirque",1
"contribuyentes",1
"explicarle",1
"reclamarlo",1
"reintegrar",1
"salieran",1
"arnoldo",1
"carísimo",1
"perdimos",1
"exigales",1
"sedeje",1
"muerto",1
"jmauricio",1
"mina",1
"deveriamos",1
"acceder",1
"norma",1
"mugre",1
"pelaron",1
"porrazos",1
"contare",1
"abra",1
"cargar",1
"contabilidad",1
"creyendo",1
"entendimiento",1
"fondo",1
"ilumine",1
"imprevistos",1
"infórmese",1
"lanza",1
"perdonar",1
"gual",1
"acatan",1
"instrucciones",1
"vivos",1
"fallará",1
"ovbio",1
"ignoren",1
"merecemos",1
"fijese",1
"dejare",1
"aprobada",1
"llené",1
"changallo",1
"devil",1
"necesitados",1
"servisio",1
"acumula",1
"paguele",1
"adkirir",1
"medan",1
"igualmanera",1
"quizas",1
"audio",1
"darían",1
"optar",1
"inboc",1
"sali",1
"traía",1
"respo",1
"ara",1
"cubríendo",1
"deberé",1
"empezó",1
"fajardo",1
"xon",1
"interne",1
"sucia",1
"enviaban",1
"visitado",1
"rafael",1
"recordamos",1
"contandome",1
"corazon",1
"peronas",1
"poblacion",1
"proponen",1
"pusieran",1
"rrecido",1
"haberme",1
"noooo",1
"esstamos",1
"srvicio",1
"pondre",1
"andantes",1
"degen",1
"molestar",1
"tortillas",1
"claramente",1
"morra",1
"nayit",1
"presiente",1
"yolanda",1
"vidran",1
"laptop",1
"wonka",1
"servirle",1
"occidente",1
"consideración",1
"flored",1
"batería",1
"apajo",1
"muevo",1
"vídeos",1
"extender",1
"cuyultitan",1
"municipios",1
"revisan",1
"revisa",1
"musica",1
"oír",1
"vea",1
"conclusión",1
"cumbias",1
"franjas",1
"largos",1
"programa",1
"durán",1
"dígame",1
"vencidas",1
"departamentos",1
"detienen",1
"distinto",1
"qme",1
"territorio",1
"aprovechado",1
"arboles",1
"frutales",1
"reforestar",1
"sembrado",1
"len",1
"requeno",1
"ambiente",1
"niveles",1
"países",1
"contestaban",1
"estab",1
"eliú",1
"notifique",1
"remiti",1
"censar",1
"expandir",1
"reesteblecer",1
"retiraron",1
"popo",1
"preocuparse",1
"recibes",1
"reflexiona",1
"cotizador",1
"kristal",1
"arias",1
"abriré",1
"mano",1
"mez",1
"temprano",1
"acevedo",1
"barras",1
"onterrrumpem",1
"micha",1
"medianoche",1
"rebuscan",1
"injustificado",1
"boba",1
"estrellas",1
"meda",1
"ofrecería",1
"pregu",1
"birus",1
"competentes",1
"topelos",1
"chistoso",1
"únicos",1
"clavo",1
"contratistas",1
"hechan",1
"pobresitos",1
"aseguro",1
"denunciarlas",1
"instituciones",1
"pertinentes",1
"demonios",1
"descontrolar",1
"contento",1
"deia",1
"estatus",1
"proporcione",1
"realise",1
"reflejada",1
"establecimientos",1
"opico",1
"suspendería",1
"escrìbenos",1
"estancobrando",1
"podiamos",1
"poq",1
"suspendidos",1
"ábia",1
"abusivo",1
"recomendaria",1
"meybel",1
"atrasando",1
"ademandarlos",1
"aestrale",1
"air",1
"alo",1
"ancortadoo",1
"atrabajado",1
"cazo",1
"transcurso",1
"vensa",1
"epodido",1
"montero",1
"conveniencia",1
"mje",1
"claroformulario",1
"impactado",1
"llenes",1
"solicitara",1
"adjuntemos",1
"redactarlas",1
"clienta",1
"recomendado",1
"muchisimas",1
"atrabajar",1
"entrado",1
"estarle",1
"chber",1
"desentendidos",1
"serrarom",1
"contrate",1
"escalan",1
"complete",1
"demorar",1
"abia",1
"noce",1
"octar",1
"seme",1
"trabajaba",1
"lindo",1
"cerró",1
"satisfactoriamente",1
"celebrado",1
"faltando",1
"libres",1
"absolutos",1
"exponer",1
"topó",1
"eficientes",1
"muchachos",1
"reclame",1
"koniedgar",1
"hab",1
"cambies",1
"guarde",1
"callarle",1
"típico",1
"noooooo",1
"acajultla",1
"aumentaran",1
"mangas",1
"mayorga",1
"chambones",1
"quéjense",1
"salvadorles",1
"arriesgar",1
"habierto",1
"henrique",1
"contestá",1
"msdpt",1
"ayudarrle",1
"gwnte",1
"habilitarr",1
"plenas",1
"resoluciones",1
"georgina",1
"rubio",1
"pagará",1
"contratación",1
"convencieron",1
"existía",1
"firmarlo",1
"invertido",1
"pendeja",1
"saturados",1
"tomó",1
"valioso",1
"triste",1
"inventaran",1
"mentir",1
"utilizamos",1
"defiéndanse",1
"sepa",1
"trozo",1
"directa",1
"pasiencia",1
"contratamos",1
"resistencial",1
"secae",1
"salario",1
"acaba",1
"clarome",1
"rayos",1
"sunamita",1
"aumentar",1
"comunicaré",1
"suba",1
"aber",1
"melobendras",1
"comenzarán",1
"play",1
"cocker",1
"quitanto",1
"pogo",1
"sema",1
"fer",1
"leon",1
"defensiria",1
"granadillas",1
"palma",1
"devo",1
"deodanes",1
"estudios",1
"cris",1
"cuerno",1
"multiplza",1
"contrates",1
"peros",1
"metrópolis",1
"acatando",1
"domigo",1
"siuda",1
"buya",1
"cierre",1
"departamente",1
"requerimientos",1
"presos",1
"cobror",1
"injusticia",1
"clipboard",1
"verifiques",1
"wasat",1
"atrasaso",1
"decretado",1
"cobrarle",1
"botaron",1
"caídos",1
"cantidades",1
"dudare",1
"tatiana",1
"umana",1
"vencerá",1
"arreglara",1
"arregle",1
"desorden",1
"personalizarte",1
"requerida",1
"aprovechando",1
"cobrandemasiado",1
"instalacion",1
"engorrosos",1
"opiniones",1
"carmencita",1
"gustas",1
"presione",1
"vere",1
"enfermedad",1
"ofender",1
"rené",1
"ysolo",1
"habrén",1
"pmdomingo",1
"pmsábado",1
"haz",1
"controlador",1
"corresponda",1
"cómplices",1
"ente",1
"excepción",1
"fiscalice",1
"operatividad",1
"responsabilidad",1
"serie",1
"supervise",1
"corrigieron",1
"jajajjaa",1
"naa",1
"reintegro",1
"abuela",1
"ganó",1
"javer",1
"maricela",1
"caela",1
"ofuenl",1
"youtu",1
"antiguo",1
"logrando",1
"recinos",1
"cuellar",1
"marielos",1
"lìnea",1
"nuesrta",1
"winnie",1
"aserle",1
"pagarse",1
"óscar",1
"pedirle",1
"computador",1
"cancelada",1
"capturas",1
"comunicado",1
"cuandl",1
"dava",1
"herror",1
"mandw",1
"megapixeles",1
"determinada",1
"factor",1
"pensaba",1
"vigil",1
"recomendaciones",1
"enfoca",1
"recomienda",1
"derecha",1
"izquierda",1
"mostrarme",1
"sacaron",1
"yll",1
"dirás",1
"juzga",1
"conpre",1
"ficha",1
"yevaron",1
"atrazado",1
"morazan",1
"awebo",1
"empreza",1
"hojas",1
"confírmemen",1
"pidiera",1
"traerían",1
"ortíz",1
"brida",1
"pagas",1
"venderá",1
"pará",1
"crearán",1
"similar",1
"trjets",1
"octenerlo",1
"realizarse",1
"eli",1
"tables",1
"mantenga",1
"medicen",1
"solicionaron",1
"restricción",1
"irlo",1
"futuras",1
"samums",1
"pedirme",1
"dey",1
"nicolás",1
"portafolio",1
"aaaaahhh",1
"noe",1
"echó",1
"comprare",1
"comenten",1
"quejar",1
"meme",1
"seleccionados",1
"angecia",1
"meinteresa",1
"valeee",1
"valeeee",1
"union",1
"bracamonte",1
"llevarán",1
"stasy",1
"deberías",1
"ortiizz",1
"publicasion",1
"sala",1
"computadoras",1
"teresita",1
"villalta",1
"infor",1
"sinceramente",1
"contrar",1
"setenta",1
"jeje",1
"mombre",1
"city",1
"polígono",1
"tonacatepeque",1
"yxfwd",1
"francis",1
"kisiera",1
"adomicilio",1
"encantados",1
"formar",1
"guebitos",1
"sacarlos",1
"jesús",1
"podrias",1
"daya",1
"marroquin",1
"saritha",1
"cotizo",1
"cerrará",1
"tiempi",1
"mëlvïnčïthöeww",1
"lía",1
"decis",1
"rolando",1
"traigan",1
"efectúa",1
"basé",1
"quieres",1
"qequesta",1
"bancario",1
"remesas",1
"sugerimos",1
"visites",1
"dago",1
"holabuenas",1
"yanira",1
"rafa",1
"confundieron",1
"fallesco",1
"ingreses",1
"mäřłöň",1
"resolucion",1
"tirado",1
"lopezz",1
"lorhen",1
"contraentrega",1
"añadir",1
"ingrese",1
"presios",1
"bonita",1
"interna",1
"fran",1
"agarro",1
"cambiarmelo",1
"llevarlo",1
"ultimos",1
"cerpas",1
"chele",1
"xiomi",1
"huawi",1
"cosita",1
"reyesreyes",1
"mandarían",1
"dual",1
"prepagp",1
"smarphone",1
"lenin",1
"timo",1
"callate",1
"cheee",1
"osico",1
"yubrán",1
"allá",1
"turcios",1
"djo",1
"entrego",1
"regalarme",1
"alcatelv",1
"atiquizaya",1
"ilovasco",1
"ingresas",1
"huella",1
"sensor",1
"gotera",1
"prospago",1
"sinco",1
"wuawei",1
"camara",1
"píxeles",1
"quedateencasasaludos",1
"duración",1
"preciola",1
"reynita",1
"favorece",1
"largo",1
"púes",1
"andrades",1
"kaidì",1
"carla",1
"sirvio",1
"sirvió",1
"deylor",1
"garciaqur",1
"consultara",1
"pases",1
"ifhone",1
"prejunta",1
"adonay",1
"extraer",1
"extrajeron",1
"ceci",1
"estilos",1
"sau",1
"sunsug",1
"boris",1
"hawei",1
"cuaderno",1
"esperaba",1
"páginas",1
"tomarle",1
"abner",1
"diana",1
"sentro",1
"costando",1
"estadi",1
"oferton",1
"melendz",1
"coutas",1
"pagarlos",1
"faltarían",1
"auriculare",1
"josué",1
"recibirás",1
"yxpbpt",1
"alcaltel",1
"angela",1
"marc",1
"buendía",1
"contesteme",1
"msje",1
"andreä",1
"actuvar",1
"afortunada",1
"siéntete",1
"copies",1
"insistir",1
"mándales",1
"dpc",1
"reclamen",1
"aguantando",1
"pienso",1
"reclamé",1
"reportaran",1
"imagínese",1
"poniéndole",1
"ña",1
"loz",1
"alclado",1
"apague",1
"encienda",1
"rauter",1
"restablescan",1
"toka",1
"php",1
"story",1
"storyfbid",1
"amabilidad",1
"recuerdan",1
"respondanme",1
"cumpla",1
"discriminen",1
"establezcan",1
"estigmaticen",1
"franklin",1
"sabados",1
"heyyyyy",1
"amantes",1
"asqueroso",1
"nosirve",1
"desconectar",1
"tyler",1
"lleguen",1
"platero",1
"cid",1
"amirar",1
"comense",1
"mobian",1
"objetos",1
"biem",1
"dilata",1
"sabor",1
"vivii",1
"nahuizalco",1
"recargando",1
"sabana",1
"usamos",1
"ycuando",1
"escritos",1
"pre",1
"agregan",1
"agregando",1
"electrónicamente",1
"obtenerla",1
"uyyyy",1
"aora",1
"fqn",1
"sujerencia",1
"comprenden",1
"dependemos",1
"obligado",1
"cansé",1
"financia",1
"prima",1
"moden",1
"cea",1
"preocupan",1
"bamos",1
"alcides",1
"desee",1
"firmando",1
"cuestan",1
"contáctenos",1
"pagaría",1
"espantosa",1
"gestione",1
"reconocen",1
"resuelvanme",1
"parecer",1
"gastaría",1
"esposos",1
"antel",1
"harta",1
"persimo",1
"resuelvel",1
"rebuscara",1
"refinanciamiento",1
"griego",1
"macre",1
"aumentan",1
"justifican",1
"cancelé",1
"reconexion",1
"línk",1
"kitado",1
"exigencia",1
"soplando",1
"verme",1
"josseline",1
"vencer",1
"send",1
"curentena",1
"modalidades",1
"empezado",1
"encenderlo",1
"fallar",1
"ereportado",1
"lesda",1
"grasia",1
"contagios",1
"vendrían",1
"juventus",1
"pasaran",1
"positivo",1
"preguntó",1
"levante",1
"stos",1
"zura",1
"anantes",1
"intensifiquen",1
"primavera",1
"acepté",1
"acordó",1
"adecuadamente",1
"alegando",1
"aproximadamente",1
"aseguraría",1
"cargarán",1
"colgaban",1
"comenzamos",1
"confirmación",1
"conflictiva",1
"contestabamos",1
"contábamos",1
"corto",1
"cuarta",1
"desempeñar",1
"desinterés",1
"devolverían",1
"domiciliar",1
"economía",1
"encargado",1
"encontraba",1
"escalaria",1
"especificar",1
"falto",1
"faltó",1
"funcionaran",1
"hicieran",1
"interpretarlo",1
"laboro",1
"larga",1
"lea",1
"lograr",1
"mostrar",1
"necesitaban",1
"necesitaríamos",1
"negué",1
"notificaría",1
"notificarían",1
"notificó",1
"ponían",1
"preocupara",1
"pudo",1
"puertos",1
"quedaban",1
"recibí",1
"recibíamos",1
"reconsiderara",1
"regresarían",1
"representante",1
"representantes",1
"sabría",1
"silencio",1
"tocaron",1
"tomarse",1
"técnicas",1
"urgentemente",1
"gustos",1
"enoje",1
"lavar",1
"active",1
"ayunme",1
"desactivarlo",1
"ber",1
"espress",1
"rresibido",1
"idalia",1
"atropello",1
"callen",1
"denunciemos",1
"corta",1
"megen",1
"programas",1
"sonido",1
"internetse",1
"atropellos",1
"evidencia",1
"razonamiento",1
"burlan",1
"institución",1
"postres",1
"anderson",1
"barrios",1
"conque",1
"permanentemente",1
"instalando",1
"conecta",1
"pedire",1
"arana",1
"resientes",1
"alcandia",1
"energia",1
"celulat",1
"danny",1
"susana",1
"conocerlos",1
"evelin",1
"ganga",1
"ingresaremos",1
"jeaneth",1
"registros",1
"maquina",1
"máquina",1
"nooo",1
"pensarlo",1
"callar",1
"escriben",1
"mediocre",1
"decepcionando",1
"frustrada",1
"pierde",1
"consciente",1
"considerablemente",1
"saldar",1
"testeo",1
"decidi",1
"salga",1
"manejan",1
"sugieren",1
"decepcionen",1
"dejando",1
"llamaran",1
"advertirle",1
"dedicaré",1
"automático",1
"bes",1
"duren",1
"sola",1
"inocencia",1
"medina",1
"inosensia",1
"nando",1
"nuñes",1
"ponete",1
"respuesra",1
"transmision",1
"pasarle",1
"sooo",1
"ultimadamente",1
"acōsta",1
"casn",1
"dacosta",1
"conaiderare",1
"fuertemente",1
"interesante",1
"opcion",1
"suena",1
"comprada",1
"desconozco",1
"fijate",1
"sincero",1
"adaptan",1
"engelber",1
"pokitas",1
"nesito",1
"rebaja",1
"gustan",1
"funcionalidad",1
"observación",1
"lenta",1
"ancho",1
"contratan",1
"contratados",1
"gato",1
"ignorancia",1
"perico",1
"míster",1
"deplorable",1
"propaganda",1
"bajar",1
"barbaros",1
"educados",1
"ofrecerme",1
"venci",1
"díami",1
"incluir",1
"enviaremos",1
"evaluada",1
"vencio",1
"interntda",1
"señore",1
"mentes",1
"verían",1
"porqno",1
"questudien",1
"robado",1
"suscribir",1
"aspectos",1
"continúa",1
"chico",1
"confusión",1
"apribechan",1
"exprimir",1
"ocuparia",1
"trsbajo",1
"mensionado",1
"quintatanilla",1
"soluciono",1
"trajo",1
"yevamos",1
"descargué",1
"registrarme",1
"bosco",1
"kerer",1
"reporto",1
"retrasa",1
"travajos",1
"xke",1
"daq",1
"nonse",1
"tegnico",1
"solucionarlo",1
"viniera",1
"ribete",1
"klein",1
"lilith",1
"privada",1
"reactivarlo",1
"telular",1
"falso",1
"diluir",1
"finamente",1
"independiente",1
"petición",1
"trabajadora",1
"arruinan",1
"colapso",1
"cortados",1
"dañada",1
"dañados",1
"dañar",1
"empeoro",1
"exámenes",1
"labóranos",1
"prestando",1
"realizan",1
"reportó",1
"twitch",1
"vencera",1
"inerten",1
"acercaré",1
"estuvieramos",1
"informanos",1
"transfieren",1
"efrain",1
"alrededor",1
"aragon",1
"trata",1
"vien",1
"zaida",1
"perdidos",1
"errores",1
"solicionan",1
"gerar",1
"frecuencia",1
"tardíos",1
"margarita",1
"caba",1
"fátima",1
"chrįs",1
"rąmos",1
"adelantada",1
"perdomo",1
"elevado",1
"adquiri",1
"lleven",1
"vendan",1
"devemos",1
"corazón",1
"encanta",1
"algúnos",1
"buenísimo",1
"comedia",1
"distrito",1
"fundamentales",1
"intermet",1
"masificar",1
"tdn",1
"deshabilitados",1
"cometer",1
"bajarle",1
"contestará",1
"fuerza",1
"insulto",1
"olvide",1
"aguanta",1
"disfrazado",1
"malditos",1
"llegas",1
"renovamos",1
"regalaran",1
"michelle",1
"formación",1
"infinidad",1
"entregarlas",1
"vuelvo",1
"esperado",1
"asutenen",1
"compraré",1
"cuestano",1
"asustequizás",1
"establecido",1
"pocos",1
"coml",1
"govierno",1
"vendrán",1
"metropoliz",1
"seriamente",1
"resibir",1
"ubiquense",1
"cita",1
"visitarlos",1
"combar",1
"rogándoles",1
"andrea",1
"expres",1
"supepack",1
"robar",1
"sirben",1
"chino",1
"desgraceyense",1
"dignidad",1
"minuto",1
"léanlo",1
"acortarles",1
"amuchas",1
"arreglos",1
"nosean",1
"período",1
"revés",1
"yegar",1
"aplicando",1
"carta",1
"chavarria",1
"hostigando",1
"ilogico",1
"letras",1
"muestro",1
"suspension",1
"nossaben",1
"pidiéndole",1
"aviertas",1
"cree",1
"miles",1
"ezeqüiel",1
"gönzälez",1
"fè",1
"molote",1
"decea",1
"muerta",1
"sten",1
"rodriiguezz",1
"arreglamos",1
"cayados",1
"compensenme",1
"negaron",1
"queden",1
"compensarme",1
"denumciando",1
"denumciar",1
"abrirá",1
"autorizacion",1
"casaca",1
"investigar",1
"mándenme",1
"poderles",1
"martinezkarla",1
"nadies",1
"aperturaran",1
"romeo",1
"playboy",1
"rauda",1
"regalito",1
"bernal",1
"caray",1
"conexion",1
"avieratas",1
"nesecitas",1
"srs",1
"competencia",1
"extraño",1
"oligopolios",1
"perdemos",1
"prohibidos",1
"sobornado",1
"venda",1
"rolin",1
"respetó",1
"copias",1
"crediticio",1
"recor",1
"esepcion",1
"unapequeña",1
"podra",1
"hablare",1
"terminalasta",1
"malicima",1
"pasas",1
"sencillo",1
"show",1
"murcia",1
"hagamos",1
"posteriormente",1
"requerimiento",1
"briindarte",1
"interesará",1
"diaz",1
"abrían",1
"mié",1
"rompieron",1
"contaremos",1
"cuialquier",1
"kràlovè",1
"shar",1
"sígueme",1
"trigueros",1
"quita",1
"dondonate",1
"detallan",1
"pasdo",1
"queje",1
"quemaron",1
"pendejos",1
"artan",1
"cargado",1
"cortecia",1
"mjs",1
"pisado",1
"putas",1
"testar",1
"realizsar",1
"tricia",1
"ahuevo",1
"vencia",1
"dificulto",1
"exigen",1
"anciosos",1
"chuhos",1
"terminara",1
"antipática",1
"capacitenla",1
"cien",1
"cuida",1
"curso",1
"dejaba",1
"edad",1
"encerrada",1
"equis",1
"escritorio",1
"hablen",1
"impertinente",1
"intensivo",1
"mandarla",1
"pelón",1
"sub",1
"suplicándole",1
"tacto",1
"tenerla",1
"trasladenla",1
"vigilante",1
"exprés",1
"superpak",1
"incompetencia",1
"manejo",1
"tratado",1
"dijieran",1
"molestando",1
"enviaste",1
"escribiremos",1
"agradecere",1
"cortaran",1
"económica",1
"permitieron",1
"visite",1
"vivianasos",1
"concreta",1
"mandaran",1
"angeles",1
"callendo",1
"jhostyn",1
"baccredomatic",1
"bancoagricola",1
"davivienda",1
"digitales",1
"scotiabank",1
"efectuar",1
"metropolis",1
"consolas",1
"piesan",1
"revisrar",1
"usando",1
"ventura",1
"cúales",1
"ayyyy",1
"marlene",1
"ciualquier",1
"heidi",1
"traspaso",1
"cambiando",1
"cargue",1
"desbloqueado",1
"expliquen",1
"introduciendolo",1
"juego",1
"arte",1
"presencial",1
"yuyeesx",1
"rachel",1
"saludo",1
"sorto",1
"vuelto",1
"rápidez",1
"cobraría",1
"causan",1
"respondiendo",1
"aportando",1
"diganlo",1
"podia",1
"jhonny",1
"abogaducho",1
"carros",1
"dreyfus",1
"gordo",1
"huye",1
"localizado",1
"localizaran",1
"masters",1
"negociado",1
"polarizados",1
"renderos",1
"traficantes",1
"moverian",1
"movieron",1
"tecnivo",1
"evaluna",1
"resuenven",1
"televisor",1
"encostran",1
"morí",1
"consumidores",1
"cortos",1
"crei",1
"quitarle",1
"demaciado",1
"gaste",1
"obtenido",1
"previos",1
"ahhahaha",1
"caca",1
"terminando",1
"tiraba",1
"denplazamundo",1
"lilia",1
"rosales",1
"agotados",1
"eatan",1
"creado",1
"piensen",1
"celebremos",1
"compensacion",1
"demandará",1
"merezco",1
"real",1
"ronaldo",1
"manana",1
"desier",1
"entrarán",1
"plafón",1
"subirme",1
"reservar",1
"federico",1
"digno",1
"brindaré",1
"coordenadas",1
"deficientes",1
"centavo",1
"armario",1
"cajones",1
"dependen",1
"distancia",1
"influye",1
"lejos",1
"naranja",1
"seguirá",1
"tambn",1
"celebraciones",1
"sñal",1
"kes",1
"tranposo",1
"xeso",1
"xgusto",1
"obtenerlo",1
"sujey",1
"carencia",1
"adan",1
"aparicio",1
"genera",1
"tda",1
"alambres",1
"centrales",1
"subo",1
"techo",1
"binary",1
"etoro",1
"anoche",1
"dará",1
"nula",1
"apurense",1
"iguales",1
"sentada",1
"kljo",1
"alternativas",1
"gastaba",1
"mantenía",1
"semanal",1
"suficientes",1
"especifico",1
"trasladará",1
"bronce",1
"oro",1
"gastamos",1
"quejarnos",1
"tonhyy",1
"conocerlas",1
"encantado",1
"mamadas",1
"pregago",1
"dénos",1
"actualizada",1
"verificarlos",1
"vigencia",1
"tardarían",1
"graciaspero",1
"interactuadamente",1
"obtiene",1
"agotó",1
"soluciónes",1
"talles",1
"meprodia",1
"rregalar",1
"ast",1
"benificios",1
"conpañia",1
"conpra",1
"dejenme",1
"deseccionado",1
"desirles",1
"engañand",1
"indificiencia",1
"mea",1
"nodan",1
"tanvien",1
"jaaaa",1
"mrda",1
"bajenle",1
"cruzando",1
"leny",1
"posibilidad",1
"adecue",1
"jënnifër",1
"lmus",1
"habilitadas",1
"proble",1
"desir",1
"podria",1
"avisa",1
"cancelamos",1
"cualqier",1
"estimadas",1
"momentode",1
"recibieron",1
"recibió",1
"acerlo",1
"aconsejo",1
"jugando",1
"demora",1
"explicación",1
"inobx",1
"leído",1
"gznxdukzgs",1
"bayron",1
"magaña",1
"adomicilo",1
"canso",1
"nehemías",1
"siguiera",1
"cristy",1
"tardia",1
"calderon",1
"rigoberto",1
"poseen",1
"bandas",1
"cumplian",1
"hablado",1
"lore",1
"crm",1
"esperas",1
"generando",1
"llamas",1
"lurgo",1
"pedis",1
"vuelves",1
"vuelvrn",1
"escojan",1
"maximo",1
"desiando",1
"espectativas",1
"volviendo",1
"agusto",1
"consciencia",1
"estava",1
"oye",1
"reconocida",1
"basurita",1
"calendario",1
"demuestren",1
"insisto",1
"nesecitamos",1
"normalmente",1
"generaron",1
"genere",1
"pondran",1
"woow",1
"atenderle",1
"rhomheo",1
"licitud",1
"claroconsultaform",1
"status",1
"fresita",1
"falsa",1
"pasen",1
"nayib",1
"moz",1
"sindy",1
"slen",1
"edwhurzem",1
"heidevolk",1
"adquirimos",1
"agarre",1
"encima",1
"debajo",1
"deberiamos",1
"regresa",1
"vuelve",1
"adry",1
"requiero",1
"adjuntado",1
"atenta",1
"comercialización",1
"queramos",1
"entero",1
"valió",1
"mail",1
"ejecuivo",1
"acercate",1
"demandalos",1
"empleado",1
"fraude",1
"opino",1
"película",1
"sermeño",1
"suscriba",1
"sugiero",1
"tomaré",1
"diré",1
"solucionaran",1
"llamaré",1
"ohh",1
"mandarme",1
"inservibles",1
"semanales",1
"yenny",1
"aumentado",1
"centavos",1
"creido",1
"equilibrio",1
"suelos",1
"olvido",1
"prohibido",1
"trazado",1
"autorizo",1
"emn",1
"recomendacion",1
"tambie",1
"probaremos",1
"recalco",1
"resulva",1
"ambas",1
"explica",1
"explico",1
"restablecieron",1
"pidio",1
"cancelare",1
"disculpé",1
"stad",1
"adentro",1
"apuren",1
"cuadrar",1
"diganles",1
"isla",1
"tiendona",1
"viejas",1
"tontos",1
"unoa",1
"callada",1
"platos",1
"rotos",1
"tonto",1
"acudir",1
"enviame",1
"notengo",1
"qevengan",1
"lópez",1
"deberás",1
"hablaron",1
"contacten",1
"esperaré",1
"acostumbrados",1
"callare",1
"ciudadanos",1
"corruptos",1
"dañaron",1
"existir",1
"invitaré",1
"juez",1
"merecen",1
"procede",1
"svme",1
"toparon",1
"upe",1
"resolverle",1
"ele",1
"pedirán",1
"asesinatos",1
"avanzan",1
"avanzar",1
"investigaciones",1
"investigación",1
"voluntad",1
"quedas",1
"robe",1
"piña",1
"zannnnn",1
"acabada",1
"aledañas",1
"das",1
"hoyo",1
"marginales",1
"obvio",1
"vivís",1
"iluso",1
"innediata",1
"periodicos",1
"denumcien",1
"jovos",1
"nnnnn",1
"ofendidos",1
"piiii",1
"teeeeeeelo",1
"zzaaa",1
"contratas",1
"dejame",1
"redwifi",1
"brazo",1
"deberia",1
"levantar",1
"verguensa",1
"dijero",1
"maaaaal",1
"chicharitho",1
"asegurece",1
"conecte",1
"discusión",1
"zelaya",1
"discapacidad",1
"toscos",1
"amplíes",1
"elevadas",1
"pudieron",1
"supervisora",1
"peleo",1
"compu",1
"asaver",1
"exactooooo",1
"desaparecer",1
"agregue",1
"aguilero",1
"streaming",1
"rodrigo",1
"gestira",1
"pusiron",1
"cupones",1
"descargaba",1
"galileo",1
"jerez",1
"semi",1
"unicos",1
"netflix",1
"playstore",1
"wathsapp",1
"intentará",1
"seguía",1
"volviera",1
"ocasiones",1
"acuso",1
"melany",1
"acepta",1
"aprovechen",1
"aumenta",1
"costaba",1
"publiquen",1
"information",1
"presindir",1
"services",1
"vital",1
"miranda",1
"moscas",1
"pasaban",1
"consura",1
"recido",1
"estupideces",1
"nternet",1
"aqueños",1
"ere",1
"hagarra",1
"roba",1
"sabia",1
"desconfiguración",1
"franja",1
"infantil",1
"ingles",1
"monitoriando",1
"problemática",1
"miriam",1
"favorcito",1
"navegando",1
"notificarte",1
"ciertos",1
"garantizar",1
"solucionada",1
"ayudare",1
"eriika",1
"yamy",1
"portatil",1
"estresa",1
"hipocresía",1
"servio",1
"extrañamente",1
"sonrisas",1
"alemán",1
"octava",1
"castellanos",1
"silvia",1
"ofreciendome",1
"isaí",1
"cass",1
"amisadai",1
"eber",1
"camino",1
"luces",1
"nueve",1
"aparecía",1
"efectuado",1
"buxos",1
"fayandomucho",1
"nonualco",1
"asunto",1
"cartas",1
"negicio",1
"pasamos",1
"aprobó",1
"dividido",1
"multiplicar",1
"seran",1
"afinal",1
"aplico",1
"quitaran",1
"solicituda",1
"diran",1
"renovando",1
"sayes",1
"enojado",1
"reir",1
"detodo",1
"etenido",1
"istoria",1
"mequeda",1
"notendre",1
"turbonet",1
"yaluego",1
"nel",1
"incumplen",1
"acordé",1
"reí",1
"descontado",1
"primer",1
"alternativa",1
"mmmm",1
"oído",1
"marcó",1
"reestableceran",1
"nombe",1
"aguebadas",1
"pobrecitos",1
"vichos",1
"entregaron",1
"duo",1
"montserrat",1
"porpagos",1
"yodeseo",1
"garrra",1
"inservible",1
"archivos",1
"chit",1
"agoto",1
"colaborando",1
"destacar",1
"subastas",1
"resumida",1
"tweet",1
"preguna",1
"kelinda",1
"kty",1
"aplicación",1
"apps",1
"comiendo",1
"consumir",1
"explican",1
"notado",1
"pasaba",1
"significa",1
"entré",1
"decirle",1
"responda",1
"extravie",1
"tefono",1
"luque",1
"manzanares",1
"dele",1
"yooo",1
"pedirles",1
"novena",1
"poniente",1
"ultimas",1
"baquito",1
"cura",1
"decencia",1
"decimos",1
"educado",1
"empatía",1
"encuentren",1
"filas",1
"indicara",1
"interminables",1
"juegan",1
"mad",1
"mínima",1
"parqueo",1
"petulantes",1
"plástico",1
"preocupe",1
"provocan",1
"puertas",1
"seguirle",1
"tipas",1
"traiga",1
"seguros",1
"presentes",1
"descontaran",1
"instalaciones",1
"calificación",1
"escaneados",1
"originales",1
"procesar",1
"nadaaa",1
"avisó",1
"enojan",1
"ondas",1
"asolearse",1
"conq",1
"cubrir",1
"firmados",1
"gratitud",1
"sellados",1
"toldo",1
"valentina",1
"expandiendo",1
"bendita",1
"hacerla",1
"obligaciones",1
"mereces",1
"paro",1
"programados",1
"miedo",1
"participante",1
"refieren",1
"terrible",1
"esperanzas",1
"andén",1
"aquíy",1
"pierdan",1
"ajá",1
"dani",1
"baños",1
"celina",1
"inexistencia",1
"proporcionado",1
"razones",1
"asiesque",1
"asociar",1
"desconfianza",1
"escoja",1
"recuperar",1
"beatrixita",1
"formales",1
"perdon",1
"juárez",1
"oortunidad",1
"decepcionante",1
"barura",1
"desinstalaron",1
"pronuncian",1
"aremos",1
"jacquelin",1
"envianos",1
"arreglando",1
"coge",1
"constantes",1
"indicador",1
"preguntarme",1
"claroo",1
"estafaron",1
"asumo",1
"robandole",1
"jjjjjjjj",1
"jackeline",1
"despierto",1
"validamos",1
"incluía",1
"efectúe",1
"reversión",1
"desgraciadamente",1
"patty",1
"nonouede",1
"loi",1
"baya",1
"enviarte",1
"permitió",1
"denme",1
"bony",1
"maricris",1
"borrando",1
"cotnrsto",1
"din",1
"estsn",1
"hscer",1
"lso",1
"mejro",1
"viable",1
"robarle",1
"respeta",1
"mily",1
"viladores",1
"buenisima",1
"obligando",1
"ratón",1
"rodríguezz",1
"reclamó",1
"acla",1
"quince",1
"anmandado",1
"anqueya",1
"asique",1
"chequiaron",1
"silo",1
"desconectando",1
"pequeñas",1
"gilma",1
"horariosagenciasclarosvsaludos",1
"constanza",1
"eva",1
"arman",1
"lío",1
"rrico",1
"atrazan",1
"josselin",1
"diputados",1
"anllamado",1
"nisiquieran",1
"ismael",1
"agregarles",1
"dalila",1
"haznos",1
"azadón",1
"bajones",1
"chance",1
"nmmn",1
"osmin",1
"actuaran",1
"comprarme",1
"costarme",1
"dudo",1
"fina",1
"gastos",1
"incumpliera",1
"mensualespero",1
"stedes",1
"sustento",1
"uviera",1
"juegos",1
"mediero",1
"micho",1
"queríamos",1
"sulocionara",1
"talbes",1
"vivas",1
"corrección",1
"averías",1
"comunica",1
"formularios",1
"incumpliendo",1
"responderte",1
"clarovideo",1
"desactive",1
"entere",1
"explicaron",1
"vendra",1
"choto",1
"artante",1
"estarse",1
"desgraciado",1
"yanci",1
"galicia",1
"roxa",1
"dis",1
"firnado",1
"gestiona",1
"agregado",1
"juntos",1
"reflejen",1
"gentiles",1
"aburri",1
"gestores",1
"descaro",1
"tajante",1
"compartes",1
"evaluadas",1
"incluyendo",1
"encerio",1
"esonespero",1
"paola",1
"qiero",1
"recargaron",1
"suponía",1
"ellose",1
"llevando",1
"promocionen",1
"separado",1
"cambiaré",1
"sobreviví",1
"vides",1
"fantura",1
"cpmprañia",1
"mover",1
"génesis",1
"reclamado",1
"ilógico",1
"medias",1
"persistente",1
"frank",1
"medisen",1
"terminaba",1
"incompetente",1
"medise",1
"llevaré",1
"arrepiento",1
"llámale",1
"arreilarme",1
"coloque",1
"informarme",1
"persiste",1
"recibi",1
"reportarlos",1
"habria",1
"porfabor",1
"retenido",1
"urje",1
"haaa",1
"mandaría",1
"vieran",1
"jornada",1
"medida",1
"regresar",1
"ehktu",1
"ubicada",1
"sierve",1
"informasion",1
"díganme",1
"modos",1
"reconecten",1
"sitve",1
"unter",1
"eatara",1
"mierdas",1
"callcentar",1
"heyyyy",1
"idiotas",1
"mierdassssssssssss",1
"cabronesssssss",1
"actualice",1
"hew",1
"regresen",1
"nadoe",1
"suspendan",1
"estafada",1
"leen",1
"verdada",1
"atreven",1
"dineros",1
"movimiento",1
"retener",1
"udssi",1
"genteni",1
"nasa",1
"sobrevende",1
"disco",1
"gracioso",1
"cansan",1
"udsno",1
"verificación",1
"peligroso",1
"dedicado",1
"regulares",1
"pida",1
"hare",1
"descuentan",1
"fila",1
"ina",1
"vsn",1
"descripcion",1
"entregarte",1
"reclamas",1
"decirmelo",1
"establecimiento",1
"hoooo",1
"mamaaa",1
"habilitada",1
"premian",1
"ahir",1
"espalda",1
"ingresé",1
"lacasadetusmegas",1
"carl",1
"cisco",1
"ingris",1
"calienta",1
"cocina",1
"retahíla",1
"blanco",1
"enojados",1
"resolvían",1
"salían",1
"cuidan",1
"durar",1
"veinte",1
"prevista",1
"tardar",1
"descargo",1
"pésimamente",1
"reinicie",1
"ssid",1
"saturación",1
"sobrevenden",1
"cambiarte",1
"coxial",1
"haceles",1
"optica",1
"pasarte",1
"spliterr",1
"tec",1
"contestaron",1
"canselado",1
"cansele",1
"debían",1
"moray",1
"babosadas",1
"dediquen",1
"fredy",1
"quiteño",1
"carlosgaln",1
"osicala",1
"dodany",1
"reestablecido",1
"degenere",1
"snoopdouglas",1
"mejoría",1
"naxhoyt",1
"sociopatetico",1
"gjfekzci",1
"icnzzufht",1
"acabas",1
"diversión",1
"límites",1
"obtenlo",1
"shajakwq",1
"reactivar",1
"rrewdbflhf",1
"telecomunicaciones",1
"bhjxflgsp",1
"mhythos",1
"cerascijg",1
"manantiales",1
"shelter",1
"zaragoza",1
"franklo",1
"tnnvwjpcl",1
"roussed",1
"equipados",1
"jocoaitique",1
"sanitaria",1
"uepbqhske",1
"faro",1
"fibras",1
"gxowrzkb",1
"sustitución",1
"reclamando",1
"analquito",1
"palomar",1
"reafirmamos",1
"tyyzrjhyc",1
"ksrqxjr",1
"misión",1
"sultana",1
"dlhifugum",1
"lirios",1
"montecrmelo",1
"holaaa",1
"fzmmiajv",1
"venecia",1
"empeño",1
"verdadera",1
"vhhxccqyz",1
"buses",1
"morena",1
"sierra",1
"elisedlaserre",1
"mauriciojarqu",1
"edificios",1
"zacamil",1
"yendo",1
"jennhobi",1
"admiración",1
"arriesgan",1
"deberíamos",1
"hombres",1
"vidas",1
"entendí",1
"compresión",1
"deseamos",1
"thenacho",1
"kfuodxown",1
"mhaiiuogs",1
"qejlcccixz",1
"reaperturamos",1
"davidbo",1
"basuras",1
"claroteroba",1
"prestar",1
"abqwvfutq",1
"jucuapa",1
"pfaob",1
"detiene",1
"jxtkjc",1
"sociedad",1
"detenemos",1
"tyreavf",1
"dndfjsgci",1
"palermo",1
"rytblucju",1
"panes",1
"situaciones",1
"valiendo",1
"wawalucxy",1
"ixbqdb",1
"lilian",1
"villa",1
"marferval",1
"xaotqdvod",1
"burro",1
"loma",1
"planta",1
"snaaypr",1
"trasladando",1
"nmttcyxr",1
"debidas",1
"precausiones",1
"toma",1
"wolihdtni",1
"czeiyb",1
"davidag",1
"szlirmhv",1
"arriesgando",1
"moral",1
"avaros",1
"chiste",1
"contrataran",1
"enojó",1
"promos",1
"informarles",1
"gladis",1
"gladise",1
"cuentas",1
"jeovany",1
"efectuando",1
"jocoro",1
"mfkepamzrl",1
"pte",1
"california",1
"coeusjbwh",1
"ranchador",1
"acuerdense",1
"avenida",1
"calló",1
"norte",1
"dhzwwatd",1
"moralesrivas",1
"stefanydemoren",1
"dolores",1
"dulce",1
"pjzofjugj",1
"guadaluoe",1
"internent",1
"alexcarrilloea",1
"alternas",1
"cierres",1
"conducir",1
"debida",1
"nadanosdetiene",1
"precaución",1
"presentamos",1
"qrqgkenpo",1
"restringida",1
"clima",1
"provocado",1
"restablezca",1
"dinamitavidal",1
"gusavilez",1
"azotó",1
"huracan",1
"utila",1
"wilmateo",1
"quikitu",1
"dmi",1
"smaluz",1
"agvjpboyz",1
"aldeitas",1
"congo",1
"ildefonso",1
"amatillo",1
"bahía",1
"dorada",1
"perla",1
"wylmmvhlp",1
"normalidad",1
"hamouwgvqg",1
"realizamos",1
"aja",1
"vickochiquipum",1
"militar",1
"reafirmando",1
"xsodjruti",1
"comacarán",1
"lima",1
"rhgpzqzs",1
"simón",1
"establecer",1
"podran",1
"qyisiera",1
"chinameca",1
"yjmtamqryu",1
"teléfonia",1
"jonatha",1
"hwrleguwo",1
"mrsolorzanosv",1
"jvlonelywolf",1
"abysteve",1
"afggpg",1
"seguiremos",1
"trabajó",1
"puesi",1
"valio",1
"csiidwpxr",1
"enteras",1
"panades",1
"ayudarán",1
"clarodejaderobar",1
"engañen",1
"tpbygwxnv",1
"arruina",1
"jtcmmhw",1
"saldrá",1
"jylhvxxh",1
"paraíso",1
"tepetitán",1
"carmelo",1
"mencionar",1
"prestado",1
"averia",1
"barra",1
"chirilagua",1
"salada",1
"stmhrhi",1
"salvibroz",1
"deadmausanchez",1
"motiva",1
"opinión",1
"empezaron",1
"realizara",1
"etihvconmare",1
"acumulado",1
"empleo",1
"davdeleazar",1
"dandonmal",1
"qpasa",1
"anónimos",1
"canta",1
"dbzhazsmd",1
"elige",1
"guste",1
"izdbzjhqvk",1
"parar",1
"spotify",1
"volumen",1
"waze",1
"escribirte",1
"falextwitero",1
"procedimos",1
"central",1
"ucyjyqhkwf",1
"earbpoelfm",1
"esperandoooooo",1
"fdmvwigd",1
"punta",1
"rajodqhen",1
"remedios",1
"constantemente",1
"repararon",1
"medardosalvador",1
"nemesis",1
"qoflnrpykv",1
"reparacion",1
"bohphtvkkm",1
"panchimalco",1
"tensado",1
"aegjoqk",1
"jacinto",1
"miraflores",1
"aburrí",1
"autopista",1
"efectuados",1
"encontrado",1
"fhqjopezz",1
"liberando",1
"patrullajes",1
"tecoluca",1
"haiga",1
"todovia",1
"hjtmzjlefd",1
"gveromai",1
"ahuachapán",1
"iniciamos",1
"jujutla",1
"otscukii",1
"ltklxrzjqn",1
"contestennnnnn",1
"interferencia",1
"customer",1
"service",1
"aleeposada",1
"desconectemos",1
"krissiaamaya",1
"jeimyfashion",1
"recién",1
"reparan",1
"winnpa",1
"adquiérelo",1
"enterprise",1
"enzmmimp",1
"manteniendo",1
"productividad",1
"qhjfooe",1
"explosion",1
"regreso",1
"porqué",1
"amilcrack",1
"gioparedes",1
"descubre",1
"opnnlnbjd",1
"qzeshiv",1
"comida",1
"cansado",1
"curier",1
"gestiines",1
"tansiquiera",1
"utilizan",1
"chats",1
"responderé",1
"mul",1
"prometieron",1
"visiten",1
"cansados",1
"cotizando",1
"despreocupense",1
"importe",1
"descubren",1
"diviértete",1
"envejecer",1
"equivale",1
"grupo",1
"gtkczullo",1
"juntar",1
"madurez",1
"novedades",1
"vio",1
"vuelven",1
"zdhwtjqvz",1
"actúara",1
"monopólica",1
"postura",1
"práctica",1
"ayúdenos",1
"capacitación",1
"hbenji",1
"wfezskmr",1
"byrmncjlh",1
"hseunla",1
"jhonyventura",1
"ineficiencia",1
"cvalencia",1
"repetidamente",1
"habrangracias",1
"anamelendez",1
"hqvxzeh",1
"mhaiim",1
"posibilidades",1
"henos",1
"marimarito",1
"giosooto",1
"tratar",1
"descargues",1
"quieras",1
"xwqgxdyug",1
"zerefsv",1
"código",1
"capturar",1
"consentirlo",1
"conéctate",1
"idóneo",1
"merece",1
"qgotmvualw",1
"qqrlnqatkm",1
"recuerdos",1
"traemos",1
"unidades",1
"jcamayasv",1
"florsit",1
"tenian",1
"mrorange",1
"magnus",1
"agradecerles",1
"felicitarlos",1
"xflvbmxep",1
"joen",1
"kayrzd",1
"aclaroempresas",1
"colaboradores",1
"corp",1
"herramientas",1
"kzcrivmnj",1
"microsoft",1
"remotamente",1
"utilizando",1
"ckopmmd",1
"ezvidi",1
"imáginate",1
"llorar",1
"reído",1
"cabo",1
"llevará",1
"repartición",1
"zaulitou",1
"adlsn",1
"permanece",1
"ogcbardid",1
"sonriamos",1
"yellowday",1
"uijvdyx",1
"menjivarmenjiva",1
"asesorar",1
"havia",1
"palito",1
"irisrod",1
"accidente",1
"coma",1
"cuartas",1
"decide",1
"gregorio",1
"hwtcebf",1
"pasará",1
"presidencia",1
"sufre",1
"suplante",1
"ufghkzeuew",1
"ggfsfmygas",1
"estefan",1
"canción",1
"dejamos",1
"descubras",1
"gmlwtaml",1
"ocurre",1
"playlist",1
"tuitsi",1
"xwvwbgv",1
"actividad",1
"descúbrelo",1
"eqpgok",1
"qetocjcirx",1
"cerrarán",1
"hakel",1
"valorando",1
"recargado",1
"tardesporqué",1
"vendedora",1
"uhhtadeo",1
"jajajabuena",1
"campaña",1
"chica",1
"convertirse",1
"destino",1
"haciéndose",1
"hwtcdtynz",1
"jhovwcug",1
"leopoldo",1
"mitad",1
"político",1
"promesasdecampaña",1
"taxista",1
"dgiusbpcp",1
"historias",1
"interesantes",1
"leemos",1
"veamos",1
"única",1
"alejandroc",1
"bola",1
"encendido",1
"fgrsv",1
"gastado",1
"rerga",1
"activarlo",1
"configurar",1
"indicaciones",1
"recibirentrar",1
"andrescerr",1
"brindenme",1
